tBody_IQR_Y,tRaw_IQR_Mag,tBody_SMA,fBody_Energy_Y,fBody_Bin1_Mag,tBody_Mean_Mag,tRaw_Mean_X,tRaw_Std_Y,tGrav_Mean_X,tRaw_Corr_XZ,tGrav_Std_Mag,tGrav_IQR_Mag,tBody_IQR_Z,tBody_Std_Y,tBody_Range_Y,tRaw_IQR_Y,tGrav_Range_Mag,tBody_Energy_Mag,fBody_Energy_Mag,tRaw_Range_Y
0.714890943585636,1.20975181506987,2.34300490564174,0.535429111104107,0.290262301821871,1.56002085175415,-6.61487525904671,0.784540984161971,-6.46143162494099,-0.446594945691606,0.33248980928545,0.636833733252164,2.06348732382768,0.738645240590208,3.53667794597773,0.906659407665505,0.978039018529493,3.68304876588973,3.68304876588973,3.70790360046458
1.36364651811008,1.3302160447963,2.42791275015605,1.61173255141879,0.107372269215439,1.67834954088939,-6.36314380223634,1.83364743726994,-5.89681012734506,-0.243313569791608,0.575585004663672,0.612102430980812,0.88983348139447,0.904977182910272,3.39636206847361,1.05040214866434,1.99310927191234,3.19984577746633,3.19984577746633,6.66610336817654
1.11977845470041,1.17527749428958,1.83500890360929,0.57975964523867,0.0828957008805105,1.25782433500749,-5.10822441984924,1.1248696557521,-5.06535138537233,0.100230318143493,0.618383859507821,0.914094344828628,0.904090788639183,0.621845698351688,2.23707009599756,0.889427264808362,2.00096625532619,1.79362210291348,1.79362210291348,3.929262485482
0.112625328925154,0.244258077451775,0.420557621093196,0.00888590493198084,0.19943680853889,0.303010253587943,-7.62059905262918,0.0951180465484882,-7.6166965991812,0.287140638807717,0.0191298105867237,0.0271719997593891,0.179659377594558,0.0950166789952031,0.549384559147728,0.111809668989546,0.0630180248339371,0.131281589694953,0.131281589694953,0.549018583042973
1.31746812281473,3.23002672416223,4.6565998765291,2.27180016447416,0.131200921706033,3.08819801228917,-7.94140033249072,2.26390740426274,-7.6151544986794,0.547800859370722,0.776276591651971,0.807042878155816,2.30930996287228,0.914874663254095,4.02640110155461,2.57663617886179,2.70761463062633,11.5028504620437,11.5028504620437,9.86262485481998
1.110832163761,0.615998703581353,1.89683830421075,0.483862386103878,0.138494744578954,1.19436204651586,-3.3472114618205,0.852447168491666,-3.50771412209233,-0.0476476068427769,0.0590144747997231,0.0536165018406525,1.05979677195403,0.702150861720412,2.59531744514653,1.33902511614402,0.217192526024141,1.79459971279793,1.79459971279793,3.04061846689895
0.865820646513399,1.49375091258739,1.79150601113433,0.56149720670981,0.115477050940501,1.27719330365864,-6.78566321650611,0.959026059965206,-6.40667365072463,0.0712366566618366,0.748109384722531,1.31716051803172,0.562847300841478,0.74435556237714,3.72415898892405,1.26583914053426,2.31378539961216,1.97371351076243,1.97371351076243,4.47506678281068
2.2589218215727,3.18680492391703,3.27031328640721,2.46599027583906,0.120045908715331,2.27224727489045,5.6593622896313,1.12062724840334,4.36916802248221,0.131444123591447,0.696956793590275,1.39703712577004,1.17300647804209,1.22371917806281,4.08341296897444,0.92506387921022,1.92846168235408,5.98580685305788,5.98580685305788,5.61664634146342
1.41818093671155,1.54038267824816,3.67405421896134,1.82411739456425,0.173064447570015,2.34419738759675,-1.71483529184031,1.77204806426709,-2.44466801728947,0.444268362615808,1.2521687820057,1.73744962049636,2.45072838490247,0.998870466694454,4.04771249786174,1.12404253774681,4.13702703549595,6.847757416914,6.84775741691399,7.13666085946574
0.707744481919332,1.43159947585899,1.812607012517,0.321900451073799,0.206793508292352,1.24664625196401,-0.605407358065177,0.645840079393902,-0.575826866990549,0.370667641926445,0.19010051138975,0.354940982537824,1.18714055104418,0.572861345744477,2.47805804065684,0.920973432055749,0.552891670903454,2.16788048758364,2.16788048758364,2.64918408826945
2.57148265678439,2.04156348382377,3.17214932079988,3.10734027481586,0.274525264179228,2.15191649903457,-1.67492137505409,1.91716947979032,-1.53411115380438,0.269817806590221,0.0786368895360034,0.150859248458207,1.17438791671241,1.77562749281866,10.1434969154178,2.85361425667828,0.2573931287387,7.12669131769613,7.12669131769613,9.8122212543554
1.3070715482003,1.37089016330557,4.08810177572049,3.72756610420213,0.314886188487545,2.66137513255915,-3.82142896996197,2.08559914174894,-3.69452643942489,-0.511792837659791,0.061774830911752,0.0761840754676957,1.82423381380592,1.94867914746491,8.51073796179109,1.08234683507549,0.250192657745494,10.8180556046187,10.8180556046187,9.28315040650407
1.16408040007278,0.794548716108142,2.70008322496475,1.01444659578886,0.0662514992790163,1.81943860462625,-6.67041481633304,1.11911403323499,-6.53205124884842,0.621424537295849,0.173598902161911,0.288916222255018,1.5821029890747,0.975378870892852,3.88062233412109,1.6821087398374,0.556013561131461,3.72597451683764,3.72597451683764,4.17663182346109
0.771340320692097,2.13239807447024,2.27466040709189,1.0254134793417,0.188044545312994,1.57933916221479,-6.77839652934345,1.33462056543806,-6.46659901495767,0.235386752914141,0.616479290297863,1.13619037945675,0.877492109311833,0.953941827801815,4.41954404760186,1.35804660278746,1.85505211704435,3.43155320902259,3.43155320902259,5.00630952380952
1.91427756337937,1.51007783629039,3.64296727683237,2.09420466720915,0.0937420584000502,2.46010118320689,-2.67041066019904,1.44367220015572,-2.81828299418362,0.385583936739326,0.680369947020457,1.0450499400923,1.97198175357536,1.43093826194076,6.47217375712451,1.94375072590012,2.22280727737535,6.99879695894621,6.99879695894621,6.71194541231127
0.750015077860124,0.9656883730787,1.71156869990969,0.449204287103059,0.106509015534733,1.12748687731252,6.76633263874656,0.719352478348518,6.46742536352884,-0.223666444727846,0.33007474241488,0.580716205438868,0.919368672046297,0.670205737306546,3.20838290603706,0.794567363530778,1.00725904975407,1.58570116447046,1.58570116447046,3.48037166085947
0.620976875839904,1.26474770591952,2.34084760855442,0.712028332376258,0.3271536938822,1.6341254492016,-6.14840176721095,0.868425959484605,-5.39810428528216,0.346137409964609,0.572685032128482,1.00625825467896,0.963869991131194,0.847760671205594,4.10281702877502,0.591363240418119,1.78122943339984,4.54249658374287,4.54249658374287,4.25354529616725
0.783701470773257,0.586636388763976,1.85582742062243,0.323170390586354,0.259652082078485,1.24833179800711,-5.1884906401585,0.542557969637089,-5.35616440717986,-0.546943375795015,0.0486941386193522,0.0947418299282354,0.621738043165523,0.558886081699535,2.162326609682,0.771427119628338,0.139979956312949,2.38029003460752,2.38029003460752,2.20267421602787
0.466510117711425,1.27195973768867,2.11968159237946,0.347904250852825,0.129209159797059,1.35038772482549,-6.55509974721596,0.856413729378714,-6.43975495849055,-0.0900712530810579,0.123076848035305,0.122044826663011,1.12949623323796,0.316928832980733,1.45825804449727,0.93741724738676,0.528392407622858,2.15230728478421,2.15230728478421,3.47412891986063
1.1156522486148,1.86403842438708,2.2529213437708,0.745661918196563,0.0631923172957587,1.495010830968,-6.1294331147093,1.39124609394218,-6.08379167031173,-0.183424348377254,0.551818833903714,0.895398436643379,1.03582930311478,0.805107947835105,2.84361453393448,1.78529761904762,1.72803122193689,2.46159637804738,2.46159637804738,4.30239256678281
1.24367473376691,3.12586099078039,3.06187426036967,2.17618074359528,0.167359294907952,2.05568298111036,-9.36489894331716,2.01362214510486,-9.04404398359808,0.743999564641632,0.622252545956863,1.05970975362678,1.52345827560592,1.46723816936078,6.86970052595633,2.50241869918699,1.90718086728285,5.40565981445268,5.40565981445268,8.43591463414634
1.03754320473566,0.84123214879766,1.9308374688029,0.409245033036221,0.198248207787951,1.28534837499586,-2.7479512536722,0.655750283580408,-3.16027511962544,-0.594344655990973,0.139509651382663,0.253255380047793,1.13605916093884,0.642335183253718,2.51437374845218,1.07897648083624,0.4177951914619,2.14529303902631,2.14529303902631,2.50646631823461
0.475864643787401,1.10112648227688,2.50501715743024,0.589937316443089,0.443848666790413,1.74175015086025,-7.60533772858737,0.780929577306344,-7.44361590743539,-0.130570902981555,0.396036214024511,0.6844541857699,1.01792206459553,0.775054201373717,5.38114447973508,0.67383275261324,1.24456094721672,6.18992859216459,6.18992859216459,5.36475900116144
1.29767248534596,1.6124903821972,3.39177144435292,1.71217588637418,0.0471802749804534,2.16000602056786,-7.63120510805948,2.56051841426716,-7.3114093308437,0.0318509812865773,0.377090176226578,0.368656354566879,1.05656911746034,1.13652471001263,3.9235632026861,3.81026277584204,1.35851453428592,4.98100239428458,4.98100239428458,8.08325203252033
2.03177626561124,2.01195666069906,3.47979621187189,3.34390424184045,0.186244827599427,2.26364971691247,-7.52653287331193,1.81003952944105,-7.34624261593989,0.635105906299156,0.328919539573002,0.448554984809732,1.19330351110197,1.23981625362175,4.46581101343983,0.7388893728223,1.42079068501639,6.33530748667887,6.33530748667887,7.88823461091754
2.55888755726595,2.22602396800918,3.7907168765319,3.8743568227771,0.143281186943399,2.62424697807074,-3.94163933866229,1.91426066723384,-4.12214519438555,0.298642426711569,0.30451133156947,0.528965807294078,2.15183379917888,1.51136014970759,5.89722077012407,1.11181910569106,1.20224716336944,8.45962376584865,8.45962376584865,8.17287456445993
1.6774755167389,2.73487047441792,3.658207077407,2.92672460103342,0.0851915977264103,2.37558578179045,2.55343826148346,2.97344198874305,1.39496725798459,0.576703518531501,1.05863997648312,0.978433386247763,0.974406802951614,1.22108458114504,4.63354352365717,3.05690548780488,3.84265600182462,6.29253251955403,6.29253251955403,10.5502758420441
0.928303527518011,2.3884620437138,3.90619994867508,1.37282371796867,0.105631349969682,2.52801015878192,-5.64693265924256,1.80841556329758,-6.08612945376407,0.580115211750185,0.318476361966256,0.615492279424889,2.58231625385773,0.645546007365518,2.87604954208896,2.76877540650406,0.90644795836618,7.44243834184047,7.44243834184047,7.10711382113821
0.540822362236835,1.5485069395516,1.80975371140209,0.340365173490014,0.14573834261868,1.2545108519147,-0.871403919291294,0.595765859861241,-0.818373710796874,-0.205420529567325,0.322431379877687,0.563534294520998,1.55001294335972,0.588028300077867,3.86873468490243,0.589750290360047,0.990699056010593,2.07530183699172,2.07530183699172,3.92551974448316
0.246728060305747,0.225959824064493,0.586516691247175,0.0498578766141788,0.233530228785546,0.390495898197723,-0.805597003028854,0.271914493977631,-0.906168536636815,-0.344951540722663,0.0843979055800527,0.133056327052802,0.273997069884527,0.222398319448667,0.878874587897766,0.304835220673635,0.278725320088249,0.205149515127213,0.205149515127213,1.05330429732869
0.810808512910096,1.35452221717942,2.09864439911108,0.614772071308486,0.268266937644262,1.49052958526877,-1.29048683701123,0.73379846732745,-1.31855922150548,0.17506221438465,0.232403240500648,0.456929999287734,1.32477148909262,0.77702187168203,4.80452036090648,0.730211962833915,0.645893737501039,3.4313953948711,3.43139539487111,4.64646051103368
1.6706574269564,1.50109123192016,2.36616867962332,1.08680030908433,0.17489351585017,1.59361986591285,-2.78970702101979,1.20664858404306,-2.83375384676243,0.577912617512626,0.0817481072536806,0.080518699467234,1.1747126464259,1.05051945088606,4.35294843868021,2.35533972125436,0.301762364469598,3.18999930576827,3.18999930576827,4.29446864111498
1.11866410941148,1.60221361426648,3.19031592946137,0.762721407446807,0.335990453670167,2.12930372735753,-4.69229390130036,0.906000428200221,-4.58825727338022,-0.601830381535811,0.743963296324035,1.36592727248455,1.82474583300218,0.882028616367503,5.31969058537706,1.13527947154471,2.22825640291612,7.90503972275372,7.90503972275372,5.31305458768873
1.96918000785998,2.59236817229422,4.87734644017987,1.6417742348412,0.366278643839103,3.19446170315525,-5.75004588827401,1.63943091325608,-5.03543076649352,0.435470294593737,0.124423580433905,0.218619782984032,2.19495200622224,1.26177471930905,6.70468586710366,2.9998381242741,0.372517128482931,17.8386441536783,17.8386441536783,7.89331010452962
0.718023275344692,1.34758979006909,2.10234425007287,0.600888698337152,0.102235310764361,1.37111046172324,-7.51834432146842,1.0640828404584,-7.27641763804789,-0.266774113814778,0.0797700872201126,0.0812334242630062,0.800823726199878,0.529934577320667,2.28333416228925,0.770243902439025,0.365216296259288,2.1425377212023,2.1425377212023,4.32188734030198
0.974076447984833,1.59663766760663,2.49026529748499,0.617113853188245,0.0795994005481679,1.77641372248573,-4.63510003188267,0.558436210971987,-4.64867969270691,-0.334182379596463,0.0575037278666334,0.0537344631309722,2.43704147812004,0.609866810257361,2.24097259616562,0.560042102206736,0.275682628505077,3.48737647580158,3.48737647580158,2.7822212543554
1.10329581153453,2.17959548658978,3.31026015663069,1.29126889791247,0.0662214484793761,2.08312383506922,-8.01533505272028,2.33041022199789,-8.00248240652302,0.663341457739243,0.600781479235251,0.733299024573698,1.95322117199469,0.914036836107883,3.42927351248538,3.7250406504065,2.02099997272388,4.8366769593535,4.8366769593535,7.24067363530778
0.803380915538371,0.607648101321811,2.67719979079088,0.343151336184568,0.168229494672269,1.82753707578071,-2.95951640818929,0.524890907883553,-3.0079039480081,-0.264440717909837,0.0882199241559845,0.1806764439728,1.6919210682618,0.55003941850443,2.30790052171486,0.721374128919861,0.235873012027517,4.20920721024843,4.20920721024843,2.33499128919861
0.716913034911566,0.682884306980633,1.65639449723894,0.312178023708743,0.293960163679401,1.09484542965667,-2.49731724397076,0.886645761414338,-2.61616052215698,-0.0653028308814854,0.216913198870922,0.363908711267149,0.91400684184841,0.501909413886524,2.20760748333023,1.09391840882694,0.69105665197657,1.84174837425558,1.84174837425558,3.32484901277584
1.38003366788373,2.85250570292476,3.92151546473746,2.68491354521922,0.13205135287248,2.47256957907963,-7.62912789506046,2.67281281917643,-8.03569335408611,0.0499955350701983,1.07004435481453,1.14066023158825,1.39525926453043,0.99560598733551,4.31681070397155,2.89217261904762,3.70357587680751,7.09307098010285,7.09307098010284,9.80191637630662
2.32432264441285,2.86390918110583,4.47102082093028,5.93378649598749,0.102518785188611,3.06414038903302,-5.94228917583293,3.65752789551884,-6.35461486867015,0.50289277147972,0.878457169016892,0.594226364450935,1.88050562548493,1.82208399915118,6.43711298932309,3.33571573751452,3.4833871203537,10.8747746115455,10.8747746115455,13.6702468060395
0.715736677443942,0.867287641767474,2.23696024646637,0.938078390744749,0.164937428639618,1.50754216030379,-0.275191523763977,1.04287646836194,-0.328892715574853,-0.164707991836386,0.449978736054832,0.733114912213804,0.986822574758711,0.976855274468315,4.63418197312195,0.951844512195122,1.45070907511542,2.95345910485253,2.95345910485253,4.70201219512195
1.37122283117785,3.85455111165826,4.82959583963424,4.89833499575481,0.0992035144193548,3.12078733356875,-8.07649205210539,3.9748201400354,-8.40052381115858,0.481534249179437,0.94705181514687,0.854177675921298,2.12671686564041,1.42041108801125,5.79556229695728,5.37982360627178,3.45038451424708,10.9490487183853,10.9490487183853,15.1652555168409
0.453410803721913,0.997405592815676,1.78472248694806,0.6949714759964,0.355284761712359,1.21657244877273,-7.35717747261506,0.857627510366242,-7.40957694828262,-0.200544576730605,0.105351221650746,0.216791782706279,0.720451221693245,0.835154039751634,5.94740686625232,0.526731997677119,0.279754675896726,2.71415470222632,2.71415470222632,5.95383855981417
0.612175630231242,0.705111068522399,1.63301924141345,0.510068533466432,0.0728156821730661,1.08894904586962,-8.27894952289859,0.962862779962083,-8.22091768493097,-0.323041233073725,0.113141623218651,0.12029829407637,0.788231487736046,0.453134736965042,1.92238356635649,0.544459204413473,0.479937579528636,1.32549810183584,1.32549810183584,4.23289779326365
1.5006413140478,2.34285411499323,3.59269197091972,2.84911588628027,0.106924688610627,2.42698915261764,-2.70692947097538,2.37477488656455,-2.86758722234636,-0.265877499814167,0.97205273772804,1.2040383410456,2.45646391935531,1.33847565905162,5.1857778944686,1.18850174216028,3.23534437379087,6.71858451632475,6.71858451632475,8.79638792102207
0.292848151636517,0.262599643952402,0.65784778038785,0.0507877223568378,0.211926499809713,0.451783334170389,-0.829098745189133,0.235500203064919,-0.896819250789566,-0.213068380631231,0.0180237725906814,0.0308032261685565,0.241482786264222,0.227430015890719,1.12555711059107,0.316524390243902,0.0578990832486266,0.285950096316123,0.285950096316123,1.15532229965157
1.61678568337169,1.64117072766941,2.98338866552517,1.41942638716329,0.318370855483728,2.0146910901044,-2.13881208580993,1.19024652720765,-2.45274046241467,0.596253438308018,0.481072341117021,0.638901600236972,1.23593453050257,1.1233740340261,6.41648770287806,1.16329849012776,1.61606218899275,9.34576289000534,9.34576289000534,6.51023519163763
1.65502653196176,1.7830139612103,2.63195204686668,1.33188172957465,0.303995040546282,1.7420276702538,-3.37434549429528,1.27329845449299,-3.42762328724581,0.479829231879647,0.125854573373985,0.114259421324213,1.27408035063013,1.16205779597449,6.29381945726624,2.01770833333333,0.481992209221453,4.65801806293024,4.65801806293024,6.28212543554007
0.98440819407203,1.2308185651888,2.45383370910543,0.697750562775887,0.103194884728914,1.64064585701204,-5.3880179226162,1.28691453170093,-5.33339190054797,0.188368344567608,0.341010571318679,0.543310560438542,0.955247363490776,0.808908066543827,3.70599275262287,1.98948315911731,1.0732326330515,3.18321582769776,3.18321582769776,4.90225319396051
0.572584726254598,1.22834316242674,3.05100015360207,0.269749696781848,0.238734791274352,2.21541345856397,-6.84352861469791,0.607480828221674,-6.93045798036725,0.0223608031973394,0.261683624960572,0.348140291804006,1.88954739869765,0.395361130152958,1.86838218361336,0.655556765389083,0.887193714722779,6.97462453328062,6.97462453328062,2.70565040650407
0.960876339675385,1.51376931975841,2.4362758221497,0.810950390951837,0.0655341240242316,1.6295194935127,-6.88592750108173,1.02624619747655,-6.53541403798385,-0.414641939628529,0.1574619653646,0.296404784061634,1.23651365518894,0.569474666758312,2.28049584309334,0.653289053426248,0.581550965950941,2.90643782761226,2.90643782761226,4.63475609756098
0.999704815567651,1.35416512104153,1.95402941524852,0.956690391595598,0.0918682109982093,1.29094805275384,-6.81814835690374,2.02430546327676,-6.57349012565191,-0.531888280870732,0.569201654870891,0.820553901990344,0.524591143680142,0.738749470080271,2.7146886279218,3.23714430894309,1.83004745938148,1.8656235516482,1.8656235516482,6.27686411149826
2.81786900559451,3.1638176814005,4.61315111442264,2.69712024463475,0.0434786240616319,2.96374293765476,-7.83826706292273,3.0909148892224,-7.50573840741654,0.4166759327796,0.660341497226203,0.858904239011112,1.93106214652692,1.53689337853456,5.23347452013269,5.69558507549361,2.15856848378685,9.73460264729147,9.73460264729147,9.3192537746806
0.763890113172869,2.12691083431425,3.08142595954275,1.2379329817526,0.0483539390604093,2.04938894234783,-6.61917281546765,2.02241987140027,-6.51962867369222,-0.123227760109766,0.830864215365819,1.23631642648716,1.26232104149152,0.911801025908286,3.36435720444456,2.41023664343786,2.72629290898855,4.60075723527403,4.60075723527403,6.48210511033682
1.39368572572542,0.806383646663658,2.14854726414679,0.738574540519781,0.105697231878806,1.43468952889468,-2.17858218897315,0.885198004441119,-2.30094987616658,-0.687004750932597,0.208924985108875,0.267018668914341,0.774417795207286,0.859792056310398,3.2897990114114,1.40728295586527,0.701034302775463,2.39420159260283,2.39420159260283,3.38439605110337
0.644944228364721,0.692156390448085,1.72328380714197,0.229071673213809,0.178724230437914,1.17772727457698,-1.85483016783949,0.64349523567991,-2.18036363868753,0.00477550668860573,0.3570771064034,0.596542318151808,1.18460110953791,0.444713178971455,1.89611703652125,0.79648519163763,1.15450412889002,1.85078806609171,1.85078806609171,2.46858594657375
1.69760499567472,1.85649576390951,3.49784577021567,2.63367572799163,0.0890670999416577,2.35289922383501,-6.04792654460158,3.18601344265436,-6.39492773206157,-0.335564878895577,1.07915563457333,1.44595836578084,2.89455253089552,1.15325399019072,4.48122803491967,4.14778019744483,3.54111465780595,6.16083767406789,6.16083767406789,11.2057026713124
2.53356615667109,3.32640761995468,4.58742474139791,5.64964297673683,0.173184610924868,2.99446627589305,-7.79674449454579,2.99086096843591,-8.34643613180044,0.292890103372738,0.888318630276388,0.776376791304063,1.59643595497251,1.69506524889708,6.72538859888063,1.73675014518002,3.23691466024372,11.157204088912,11.157204088912,14.2564169570267
1.13772720367423,2.89107748213582,3.91271758903654,2.82652991143268,0.135549929229613,2.5122181011934,-4.88823848238482,2.12420215078396,-5.66842512302596,-0.281061578945865,0.386473653530731,0.731655346675042,2.40474322500558,0.84128917826502,3.77156658949979,2.50286222415796,1.37291932518186,7.37220484356718,7.37220484356718,10.1188037166086
2.50319126756729,2.53889340189155,4.2465502447984,4.22175321023439,0.0739717073606699,2.8619237594365,1.52952158912345,3.01155503058494,0.914261992056233,0.881423500477482,0.635333292182267,0.97493550569313,1.43257185406366,1.61537440284095,6.26257163100568,1.48393365272938,2.57760992347392,9.18641846154732,9.18641846154732,10.6967508710801
1.7003597517648,3.79207116216734,5.22482869610397,6.02549398560628,0.0866920509730479,3.47822927669167,-7.53983102183963,3.59980857828086,-8.36587826220501,0.0371794411013619,1.40415916188994,1.31753854437194,2.44035185473131,1.40028091832813,5.82094312658809,4.32378556910569,5.0354195264781,13.4012539725044,13.4012539725044,14.207293844367
0.606170579802944,1.68380217813152,2.33551483031365,0.61201517841687,0.465097937602285,1.63071142287191,-7.84253455853886,0.73062774058188,-7.63468472052318,0.152900566627524,0.504250823290961,0.845523382443995,0.770367362106151,0.743106634176595,4.8478332528651,0.689947009291521,1.58485789722657,6.61620802422095,6.61620802422095,4.8410162601626
0.581775818723234,0.536080331256034,1.37461794794891,0.266144618961792,0.107366613343161,0.921423474622516,-9.35703963699301,0.469392455904301,-9.26341042285937,0.15451864003424,0.0613080018927941,0.0934472832778219,1.19923404397763,0.502319685466105,2.28474415752186,0.667961672473868,0.19613819070776,0.996887272024596,0.996887272024596,2.48549070847851
1.09783830926735,1.29802503981405,3.31504056602908,1.73303855159205,0.38520402087121,2.33833209448862,-7.59436206189793,1.49828329243348,-6.82676394594837,-0.344082051063595,0.841402552557755,1.42273057906104,1.17275330325844,1.3221054046422,7.28425293728448,1.29604602206736,2.65202110904239,10.0210305856447,10.0210305856447,7.60757549361208
0.180210345593092,0.232685248026243,0.584675739575235,0.0217113897798225,0.274973313002663,0.396836769179814,-9.01843017694883,0.172828372521259,-9.04068971783871,-0.0291399659864869,0.0380750839353594,0.0727964896890558,0.329971013614243,0.147263359391483,0.711070454934011,0.249090447154471,0.112079270734478,0.249598760019907,0.249598760019907,0.704221835075493
1.19081453595817,1.48841193563953,2.72610287692032,1.30500819030503,0.16079329654884,1.86255066392934,-2.08981143676983,0.859475683639056,-2.36798842912129,0.205420054420914,0.59169613875545,0.776743670522627,2.18353147433348,0.949165429359107,3.59765996004953,0.65053281068525,2.00417417197026,4.37113167829411,4.37113167829411,4.26383565621371
1.76000597216933,1.68208856229938,2.39668432186656,1.2549065156765,0.13738938807973,1.56876032179602,-5.1853337432534,1.10406601869604,-5.51369022101349,0.585397072929246,0.115694834786428,0.169747338224425,1.05175308831292,1.1047154635999,3.82303900282263,1.77964358304297,0.490219522839785,2.9075259866625,2.9075259866625,3.78232578397213
0.890785551394458,1.64012691435653,2.63433574014733,0.633990596404785,0.160193516708761,1.7918874057904,-2.1267997768213,0.887572340749394,-2.40041095989673,0.392953513161056,0.394113603716868,0.46562523603888,2.07222087958301,0.693999005453046,2.72911147806339,1.01109030197445,1.32790026611768,4.09238260894836,4.09238260894836,4.26813588850174
1.16773866848188,1.02600048545033,2.29440867629943,1.87527518231502,0.352731503362496,1.56292823245689,-4.6423233358384,1.53007085865636,-4.74468271221943,0.184290631190525,0.0492795660927637,0.0966934685485743,0.584345252488324,1.38254714178555,7.09825268486495,1.84945847851336,0.137614137363572,4.70551740460655,4.70551740460655,7.15545586527294
1.27317118729423,1.19163804895989,3.18131227544333,1.05596882995443,0.105958129210072,2.09323665012853,-2.50481866730432,1.6502113017917,-3.10299044756972,0.0776793611031333,0.527185483205817,0.578481472156813,1.75227628228893,0.851780968874307,3.55529563199011,2.22797909407665,1.81274492514706,5.07145028587698,5.07145028587698,6.22794134727062
0.224683252697128,0.276530101259905,0.736223739499697,0.0299694293767967,0.115234844880074,0.498136441516076,0.749369577099132,0.170986244736607,0.906282646695665,-0.580416240296198,0.105727652390129,0.168828035948524,0.34975384762832,0.172820835134605,0.75010050316609,0.223797909407666,0.344186674601517,0.309087140874208,0.309087140874208,0.760026132404181
0.96707526261484,0.834791781960078,2.9468367576755,0.716966343804932,0.0942795275697363,1.96647062116888,-6.59814397303637,0.847505590084865,-6.10617041615435,0.629268532939284,0.804136984770848,1.41351266098164,2.64194566038986,0.851083809703765,5.88545698900788,1.012612514518,2.49927101893288,4.58675679637394,4.58675679637394,5.88364401858304
0.207706347585096,0.180944533052003,0.544385168674741,0.0234150194206753,0.267048953574833,0.371925126227844,-6.71654648038077,0.167044018235722,-6.70832713467176,0.264315592409673,0.0270296531799373,0.0479985037140853,0.236902479466323,0.153897221992343,0.715358752164726,0.18038400116144,0.086697987636736,0.22171106685089,0.22171106685089,0.74390243902439
0.170384543886719,0.34913372415155,0.826491042769791,0.0277079067417866,0.359320136978178,0.579683325336314,-6.86377388353716,0.173232286754121,-6.88313913956435,0.614051486676039,0.0125423277182487,0.0219017488778626,0.335356776470517,0.168090754858742,0.787322111770234,0.181736353077816,0.0403122611782507,0.697755221660744,0.697755221660744,0.792497096399535
0.155712825782272,0.141351338761758,0.414663945936389,0.010562978646624,0.230489123447973,0.278371957161948,-7.06666985493384,0.101442456409545,-7.07110328878702,0.472918302261629,0.00755258449212406,0.0102520271953335,0.171148740735892,0.103223527300316,0.500678383788001,0.145515389082464,0.0253212565888781,0.128517001872931,0.128517001872931,0.502314169570267
0.0895127367072757,0.272889167301598,0.521987137913141,0.00784244594533423,0.229820557215281,0.362075607749387,-7.54568701464326,0.0930332583909777,-7.58687218314415,0.288273331656955,0.0340047569019988,0.0425898260060098,0.31237256780669,0.0893310723607556,0.496064174403525,0.0943038617886183,0.114801672308667,0.178958878508533,0.178958878508533,0.488809523809524
0.91458188047261,1.36144512699948,2.15367574648332,0.68556939892603,0.106265331881949,1.39181386876875,-6.3515899774544,1.14007106553353,-6.47269897130655,-0.280744037003994,0.365381808595172,0.309602292158099,1.1178909744102,0.514572270125709,1.96749073852448,0.830052990708479,1.35148246431848,2.2176684726342,2.2176684726342,4.73149825783972
1.09496748645067,1.23764555060161,2.00182425181979,1.10937732968626,0.0886050970695775,1.33867363552976,-6.98661423105828,1.78084565646421,-6.68658048418201,-0.800663525814398,0.462230851548235,0.484016262904914,1.05537390090877,0.686591804570368,2.76693683263093,1.78638429152149,1.60665661524967,2.00589008686218,2.00589008686218,6.47479094076655
0.869856346314235,1.11264428315216,3.32148385148946,0.394050504748808,0.462138295115762,2.27400733584113,-6.20573421238414,0.793693622519874,-6.8051171262889,0.819643465882114,0.606792294328401,0.852733064586035,1.59424423476103,0.539596628216812,2.38304058263775,0.663684668989546,1.98709183409087,11.6795633429528,11.6795633429528,4.06855110336818
0.702842813547511,1.56151136386045,2.37389443915257,0.773565343651726,0.139174278066146,1.51611730877411,-6.28843165721573,1.71941619462579,-6.04792430912383,0.344204718803867,0.371278714151912,0.471755917965744,0.995594350410832,0.670454567587835,2.56163152403087,2.27155342624855,1.22762497057274,2.76762950149706,2.76762950149706,5.96385307781649
0.130509575277774,0.17453702729008,1.34873572603201,0.0181512175559033,0.507584317999027,0.938338389313547,-5.64458131219968,0.125700003862187,-4.91339524032142,0.904625762945202,0.0706219937922652,0.0898677505641992,0.616267134485495,0.116783381780042,0.601471747330216,0.166410423925668,0.322731006868615,1.87786928729343,1.87786928729343,0.517552264808363
0.156536440874386,0.404792718027062,2.02330891238097,0.0154640372138608,0.259248486048686,1.39273448061261,-6.48401180797522,0.122888038850513,-6.38109646934138,0.986261997753029,0.101929300544911,0.122705874318259,1.57305841304388,0.116323965189688,0.484706493488179,0.172751887340302,0.341750892879446,2.64739342259924,2.64739342259924,0.524509291521487
0.224158041411096,0.290027817190479,2.00457514937605,0.0222961317089901,0.315185540059661,1.38174850328166,-5.91405183211496,0.167600739404669,-6.00771054508676,0.970953215745024,0.0535334088737072,0.0862078046922043,1.30121475411845,0.150303600808229,0.567174812473293,0.291671022067363,0.179626759779213,2.80436446794537,2.80436446794537,0.613193960511034
0.680762903197226,0.448822197251767,1.5166678546642,0.381912733841666,0.228347946373989,1.013688267413,-4.00784456058846,1.10964794851707,-3.94913993521376,0.0300052366388729,0.207567179502547,0.260967602606794,1.07358874089619,0.445922554812712,2.11202423298932,1.60764880952381,0.69898197209683,1.38552421147794,1.38552421147794,4.43768583042973
1.87697323040877,0.811904550939477,2.52943660507501,1.77795091947452,0.0607008064617887,1.64607592103437,-4.7585787729726,2.59275295128196,-4.69525800599509,0.707700945633209,0.433897238277579,0.531139477023777,1.3443539178924,1.08962993389528,3.7564276439015,4.57535859465738,1.44870903879134,2.92569904832205,2.92569904832205,8.30403019744483
0.318590504173215,0.60860647265161,1.24601657084024,0.0866972884732161,0.162797473025861,0.82835456016154,-7.45822202864886,0.539119782189149,-7.30528837745905,0.301263633382457,0.372125344160331,0.577468743514657,0.656243083051613,0.184807137369102,0.692017257912902,0.972531213704994,1.22906836472261,0.853651622106786,0.853651622106786,1.84056329849013
0.167588997212829,0.311595069760775,0.547827683401224,0.0244485941415973,0.427957841879224,0.380345849682456,-7.02770125936553,0.152838682962682,-7.01738424061771,0.533052905993479,0.0705974691189598,0.102902546107899,0.335751715321412,0.137506528434247,0.630285505501587,0.127721399535424,0.240974920830938,0.337832260193435,0.337832260193435,0.816596980255517
0.317122537920716,0.495326498554112,1.0330539202569,0.12344991716457,0.170219142299326,0.669591842562166,-9.2349268975883,0.668144334340371,-9.33330151137772,-0.0374314321948301,0.129810590671184,0.189677364873427,0.644651909237634,0.282887093269195,1.25754415127625,0.927195847851336,0.42975751657683,0.59393873322984,0.59393873322984,2.12855110336818
0.359443380911848,0.421762105790865,0.746451117705331,0.0935781061025859,0.131271324907376,0.486443503739886,-9.56454020632643,0.578552743874204,-9.48961285976613,0.389801179620274,0.0437061668430649,0.0568575265814015,0.294315896876233,0.270327391676461,0.975312510459878,0.88719512195122,0.151252026489454,0.288913412681525,0.288913412681525,1.66846980255517
0.258220036621039,0.305655591592284,0.737006019137279,0.0439531236628023,0.0902345286635259,0.496925788690078,-9.35021566350117,0.423984163370451,-9.27854953859062,-0.242039783783624,0.156165923569411,0.269923727123402,0.374826314730646,0.166125300564646,0.5938089873923,0.803769599303136,0.492416553576552,0.287721712461989,0.287721712461989,1.30998257839721
1.68807736231471,2.33336071102534,3.34633686365354,3.72224205608173,0.149160457921943,2.23249282297896,-4.81494722279156,2.67261994011129,-4.7213193335531,-0.423069003877375,0.515579438396995,0.435846397744738,1.21834935533142,1.15242738569351,5.14547616008147,1.55209494773519,2.13829508000481,5.89734998916744,5.89734998916743,11.5120760743322
0.163813210708704,0.11932239603523,0.470787672601844,0.0401467949266492,0.206499356219101,0.315729987047608,-1.39216682608003,0.178118899223488,-1.40018815760301,0.572682658819918,0.0180905721769638,0.0308856500478605,0.167894863176734,0.192779418335178,1.33831654255509,0.119110772357724,0.0547615044783711,0.153908284877987,0.153908284877987,1.29506387921022
0.23204566974576,0.282528496653757,0.817504154424681,0.102521019662223,0.315569116508669,0.547437788872901,-2.57909413358839,0.351139356628759,-2.58100139798347,-0.547537899894329,0.0221635794819641,0.0444267409751387,0.328052835092279,0.30999750851465,1.58656005243707,0.473641840882694,0.0563273411891885,0.537617694567454,0.537617694567454,1.57102787456446
0.152029879430738,0.152514054809908,0.518807467960909,0.0290852518660156,0.310294622926754,0.349000229323301,-2.51636252875134,0.168709179886501,-2.55131559082798,0.417721901430116,0.0227395191824266,0.0394708817598062,0.128505990850823,0.168437432567947,0.812463062598896,0.191091027874564,0.071964989596907,0.201604970300152,0.201604970300152,0.80928281068525
0.105945164882552,0.130985950113649,0.461773474381177,0.016750531361034,0.403718147017545,0.313283235861425,-2.67791914326706,0.134987491933289,-2.66182459540687,-0.202406994456046,0.00199026409637246,0.0035389920903075,0.108366930766615,0.129203441823494,0.632864740884114,0.109101335656213,0.00726494302685232,0.181543972116141,0.181543972116141,0.655917537746806
0.20200985682754,0.139750844431875,0.386904014252644,0.0145765428739564,0.135551817854945,0.257773969161261,-2.55005744574252,0.127188414722463,-2.57242329519403,-0.209546062909197,0.00714814050228418,0.0101978597607228,0.157812161502716,0.121933048751099,0.555100258641739,0.220553861788617,0.0262000097666775,0.0835080768380235,0.0835080768380235,0.548185249709641
1.75759296387302,0.467503150417725,4.00592498989142,3.81675332170012,0.527765246089222,2.60915688663348,7.33926721094942,2.45523846517632,6.99710852152115,0.06766265513023,0.120499631880387,0.250279300970384,1.25290245332669,1.9572331451658,13.6185147745152,3.29774027293844,0.316527363708724,17.0620051870444,17.0620051870444,15.1497357723577
0.184401381888909,0.28506508342385,1.73449200605035,0.469276465358015,0.623155965161026,1.20465640847397,8.07954487486051,0.693956288873767,8.00772022653374,0.219194003341258,0.0326321621840168,0.0547537128835049,0.758765657403205,0.691793079779413,4.42425726734736,0.200224303135888,0.103593811769576,6.27160922147732,6.27160922147732,4.42117595818815
0.192225547291062,0.23143407238317,1.21061657794419,0.175882602832011,0.598810664800549,0.832980580240572,7.72381367994352,0.424458424604535,7.68000865937804,0.450276502685211,0.0176875809736652,0.0237698405396198,0.387194818788959,0.423549261775598,2.73771628398241,0.201573025551684,0.0593222964385554,2.60709894631703,2.60709894631703,2.7418931475029
0.167272537718988,0.281795883885637,0.702448775148373,0.0137721061865288,0.314374008588423,0.490804809770275,7.84832063719797,0.129063566759204,7.84370691862564,-0.15897862453209,0.025535361079733,0.03285482503399,0.475981121006964,0.117399639279305,0.535360812800545,0.190466027874565,0.0847855271332456,0.383950124881924,0.383950124881924,0.536347270615563
1.15331323925736,1.55031660086991,2.23959865618431,0.912896841364409,0.17284296666374,1.56118755299066,1.30560440436337,0.953117358791784,1.25475178132774,0.20525486437059,0.408961145962734,0.71682718191747,1.15395826484219,0.95792624062685,4.15148029839995,0.947568234610917,1.25521598316806,3.15691983973954,3.15691983973954,4.10422764227642
0.768845418881245,0.350542454689778,1.08640449897437,0.197236694522969,0.230487645194465,0.723687007301923,-1.08422781307645,0.723962793197326,-1.13269733000319,-0.269513087512463,0.038266111550265,0.0323819256396352,0.362000098559998,0.435226661072414,1.64232204158201,1.35256097560976,0.147759431854722,0.696156283694997,0.696156283694997,2.34117305458769
0.250538401646982,0.168604340229658,0.510098129840911,0.0306332634868558,0.290834013004672,0.337961005938871,-0.903244574252465,0.221622000242723,-0.909496268112401,-0.0817740550907205,0.0155094899122305,0.0253421681760049,0.171664417590823,0.175230336329334,1.07658218642851,0.379715447154472,0.0513351345590092,0.195789066109461,0.195789066109461,1.09446573751452
0.0665842580262419,0.0800716028105839,0.249006256955787,0.00601230281590907,0.241062276289385,0.173075084469728,-1.08320028011204,0.0660825048368627,-1.00161291504028,-0.0951986705849959,0.0214329415626528,0.0356515077719504,0.0838796797196659,0.0737745398874007,0.433222234452242,0.0932621951219512,0.0683606484359913,0.0501008580492712,0.0501008580492712,0.387981997677119
0.398847950627383,1.17360484987201,1.4589300874522,0.115543823190334,0.304680399930361,0.970345279790203,-1.12897519983603,0.312940706285065,-1.09511384302965,-0.665490150369451,0.043503310638429,0.0678355868799834,1.09410814622444,0.334262230462405,1.62850751483989,0.34575493612079,0.13766447501609,1.39135834380992,1.39135834380992,1.62605110336818
0.412722206101975,0.35727620263116,1.0361254182185,0.143515356861806,0.352795963760936,0.680298083467063,-1.02230301063515,0.402472574015149,-1.10213747280222,-0.582273802509889,0.0255824995957349,0.0415172234156849,0.252140723869574,0.381825216147551,1.77398032545684,0.59544425087108,0.0903832587051987,0.748590444490733,0.748590444490733,1.77761614401858
0.560354768230503,0.318717047192012,0.998362070722508,0.237493798008269,0.359873538750919,0.654987392843664,-0.926229418596707,0.703657121508634,-0.964612406341574,-0.66725390713498,0.0294796237843346,0.0535763729710936,0.256009159312038,0.470508041202938,2.82440547612806,1.14217479674797,0.0847662857572065,0.743002854602045,0.743002854602045,3.25841173054588
0.902142803308905,0.299001712630368,0.884935129119705,0.281664409307189,0.272075395556933,0.605682169614778,-1.30422451094259,0.738807300325297,-1.29404455423665,0.190413308864482,0.00900131947050346,0.0133875960938674,0.200129402368128,0.524143955639984,1.91658997907663,1.45058144599303,0.0309138269942952,0.554158187989712,0.554158187989712,2.17656504065041
4.55857342229067,3.98686758077446,6.04504909745653,5.59152700818427,0.175185274753644,4.06767580341053,-2.9039554439662,2.89358338945199,-1.90040472344669,0.327615929148514,0.186015284273208,0.357366166896476,2.08559991856764,2.38544691000044,7.52007000399372,5.33396704413473,0.528931331984932,21.1667233472487,21.1667233472487,8.98421022067364
0.26452453308865,0.603787196098967,1.12950534317606,0.163140081819486,0.228372521856267,0.758116796506545,-3.71925001708,0.410990671955582,-3.73595948013861,0.594779870591144,0.074711465754313,0.103049332545925,0.530488639567613,0.406151401377328,2.81183223655137,0.336050377468061,0.245035781974785,0.874025668072807,0.874025668072807,2.79338269454123
0.13538421257462,0.639955047705929,1.26298189509468,0.166712984652061,0.392904541736662,0.884743296436781,-4.61478160369839,0.418919046893351,-4.61462321454051,0.40787054278594,0.119324132063589,0.179818359451044,0.667878597471014,0.411493837028244,2.75558395322547,0.18726843786295,0.391683567178834,1.5143345300405,1.5143345300405,2.75887340301974
0.0467681683406739,0.12123595433629,0.247878514611602,0.00333760711849018,0.135069119759207,0.168714190796526,-4.03760720548382,0.0511875752524987,-3.96511216364149,-0.113028960236662,0.0906384157569209,0.145674637593599,0.119163669546456,0.0516629313132916,0.273063264142124,0.0462674216027876,0.295646088201973,0.0379515274595481,0.0379515274595482,0.290301974448316
0.38689155647977,0.618030456890491,1.67937326756697,0.128219641194284,0.239301315429593,1.10410945027817,-3.70642623716153,0.366953180582283,-3.59449921780553,0.815200942097722,0.0719742535433118,0.100121004941611,0.911422317121376,0.360870812332437,2.35076273572409,0.374086817653891,0.236600668596239,2.34971739577002,2.34971739577002,2.35213414634146
1.04101349435223,1.10010293883607,2.86113989942307,2.77301727045866,0.290873671475368,1.87063893238374,-6.03279764751429,1.64940508203626,-6.02096587084185,0.452085430702801,0.33354884389312,0.482461664736229,1.22839440289482,1.65420393657002,11.4521451889997,1.05391260162602,1.10671589112372,6.38652426631646,6.38652426631646,11.4270441347271
0.303854920647155,0.348291758928285,1.22764579394554,0.0805653450599249,0.349104535861099,0.821941115153385,-4.68773832297147,0.291904589314193,-4.7783804394791,-0.32241441957986,0.08543459792857,0.176625826535062,0.663757110921609,0.286660195874631,1.16803451878759,0.315906649245064,0.230350304698794,1.0626691892777,1.0626691892777,1.14758420441347
0.26882019797532,0.260504853740793,0.793754362853821,0.0329269650138877,0.389420068073332,0.51297162356299,-4.31062746236706,0.207506757018476,-4.34374229455763,-0.636144725855802,0.0236837781650641,0.0477842004269373,0.315982525550027,0.181851295415023,0.758005640452124,0.33947299651568,0.064483532174501,0.44513895306659,0.44513895306659,0.770859465737515
0.520486293294131,0.203029625423465,0.758259964548068,0.110570467574583,0.243089918188421,0.496900908934722,-4.85135085741614,0.47123255682805,-4.79853904757047,-0.187762081277256,0.00857638990818073,0.0123545855973042,0.175013168033588,0.329832673537834,1.15816900748308,0.899033101045296,0.0332208212208922,0.344018343095669,0.344018343095669,1.33896341463415
0.217869796729016,0.287672450957677,1.22946453029362,0.0304813209838137,0.442107452047008,0.824716424662321,-6.71028540684567,0.144503360014381,-6.46313390092754,0.861045378618813,0.0514252788611041,0.0541831626879876,1.15134884563905,0.150236146904805,0.557351961447745,0.103790650406504,0.191370104295933,1.28446739412308,1.28446739412308,0.66455574912892
0.880967787969863,1.56239157888001,2.56058522392778,0.561222567386833,0.106975176526682,1.74526668984684,-6.01297789847646,0.846874133100054,-6.12950055409236,-0.286105547908996,0.647254439511616,0.840988963150883,1.66350897395767,0.568172478073574,2.36023057125654,1.19672981997677,2.14169116222199,3.53474232729558,3.53474232729558,3.81822009291521
1.5496489497082,1.32047365037686,2.74379944157639,1.2565642819301,0.355625395511192,1.93869428954562,-5.49340444307804,0.850721172095807,-5.16334967707421,0.618685436737174,0.50183315076334,0.691657523374923,1.45200332792012,0.897101666558423,3.09564165224201,0.835111062717771,1.71484724220831,6.23074384069631,6.23074384069631,4.43025261324042
0.19542460478958,0.242077526770602,0.972752263472509,0.0237960599420574,0.384394196621973,0.654683640861236,-7.13222096968869,0.199199023298032,-7.30994826512851,0.866991978507276,0.0780139625463635,0.133015915657873,0.834662152608098,0.152213696564108,0.609529848633367,0.326020615563298,0.244726651123599,0.739538860694958,0.739538860694958,0.681788617886179
0.0692147772318084,0.150759359430342,1.1905392723692,0.0115648755007138,0.471392792739405,0.827820612261735,-6.68273524857097,0.11399282578831,-6.84708267787651,0.924237707146698,0.0129012621689443,0.0262870376066324,0.718412280636959,0.107912418471639,0.561175591610698,0.0802838269454131,0.0339514860322261,1.33590039829224,1.33590039829224,0.545937862950058
0.146909935067723,0.261684282065954,0.9898502341309,0.0300895310514725,0.350745235642519,0.664857867967394,-6.0028197945845,0.175211153275937,-6.04298994605386,0.804720068706514,0.0469681409454976,0.0886633235251892,0.763411512699249,0.174252486310556,1.12723655246291,0.152915214866434,0.141096302094281,0.77081249680033,0.77081249680033,1.12849883855981
0.135821756193162,0.169673032902603,0.620649213257518,0.0127801596474394,0.348360871085777,0.426372930929937,-6.14651402837558,0.131745270042797,-6.17226419422234,0.861531643643352,0.0291286517099902,0.0438527650763572,0.16855442977417,0.11201493878132,0.493158247009271,0.174137630662021,0.0941616101342362,0.362205808905399,0.362205808905399,0.535871080139374
0.159562998199949,0.174382108213313,1.02871065596903,0.0189916295546583,0.354224668734935,0.708409864444893,-6.01345135615222,0.146417886796976,-6.10710750158948,0.86079633573455,0.0510868972250905,0.0951829613817807,0.457944679003845,0.139177401265351,0.648901632138836,0.19054224738676,0.155467659973951,0.979031095093225,0.979031095093225,0.637122531939605
0.136744822148355,0.181205002729078,1.24231055280781,0.0131215130996427,0.261971894172582,0.851145991505917,-5.9872995946346,0.118647727187642,-6.05630881539306,0.9437426698015,0.0305703612851436,0.0581386776807857,1.34099433431123,0.115609570831064,0.627875750056147,0.142727206736353,0.0848031305398713,1.04915998887478,1.04915998887478,0.639451219512195
0.104006655581088,0.147428801826852,0.346784271084675,0.00657509699916623,0.126613031853352,0.247611037547016,-6.11307821502585,0.105987516934247,-6.11619871428423,0.473114217053732,0.00591388333253584,0.0121609523244111,0.151343814734909,0.0731730018529688,0.347995838204874,0.115288182346108,0.016072803196586,0.0820275034844478,0.0820275034844478,0.476085946573752
0.175114788663439,0.21429890074786,0.754904366929362,0.0281805231533121,0.226739439434389,0.508225074073897,-5.01862722324702,0.147115337690984,-5.07628920380217,0.860664355964897,0.103534552712636,0.162842672119845,0.324482088791185,0.165507557453966,0.919751600744388,0.159139082462253,0.342552116711037,0.356330064602487,0.356330064602487,0.856463414634147
0.124851073017983,0.150644487600271,0.590778012321601,0.00816367835842233,0.25492546688844,0.40582400455526,-6.00680808908929,0.0916223070364602,-6.08642293054068,0.804393451813881,0.0376953650529211,0.0626637646519441,0.366090874980798,0.089952681132638,0.499011744801916,0.122364256678281,0.121920510409815,0.255158495144022,0.255158495144022,0.509404761904761
2.30495880699787,1.80389433911967,4.16557042763638,2.8519003176908,0.0215158993287246,2.62890792578784,-4.88137573728678,3.10401994833152,-5.01482783228357,-0.7120547554407,1.27929676144681,2.08395233508518,2.55450482675428,1.58750241448296,5.09477966244281,4.85985046457607,4.02422847799024,7.11626754635076,7.11626754635076,8.97300522648084
0.927578219103715,2.27684790392235,2.71150426975613,1.39928826266769,0.0797718614211724,1.74858330371817,-6.88090968094555,1.92630470107054,-6.61791334373564,-0.68178447474924,0.642488193234981,0.815527356655398,1.43477427505624,0.717696062554541,3.28164516597496,1.92850682346109,2.18548993452031,3.39941929272466,3.39941929272466,7.08680894308943
1.1491462448851,1.53558561108969,3.38465195794156,1.26600408358714,0.20228519082878,2.1435269530683,-7.30306039488966,1.60649977047136,-7.43330395409666,0.697391924698515,0.356349370442873,0.31074309210382,2.36547651179678,0.965667358991661,3.52310993546729,1.01375362950058,1.31392109075679,5.8877370869932,5.88773708699319,5.51234320557491
0.125197793433459,0.154316413491177,0.370492959193872,0.0167585854037823,0.140781894242346,0.249677823852751,-8.46555880075607,0.139107523358882,-8.50947396669812,0.174098984354527,0.0389108670713893,0.0561861018989145,0.154373864377968,0.1298258794316,0.507793197343127,0.121921457607434,0.131059058675197,0.0834565253534479,0.0834565253534479,0.513147502903601
0.295814467303822,0.365907238971481,1.12390033065509,0.0358668199375495,0.512436114237762,0.762082980380599,-8.06091696841338,0.22111111835103,-8.18002966700462,0.864166569358055,0.0726894433481123,0.132145238910041,0.535644161104212,0.19083292278621,0.709286152713513,0.443040795586528,0.222328706693943,1.29501498682379,1.29501498682379,0.691907665505227
0.362458506750144,0.22884537131552,1.1199888901564,0.0398854136392189,0.142911855325258,0.737081726758126,-6.93917401106784,0.215879627438979,-6.95922652863577,0.886055906955606,0.0104844648093327,0.0157264394737773,1.02813349533452,0.201642801706009,0.694819299125072,0.400021051103368,0.0385731855940517,0.666356874920983,0.666356874920983,0.740740418118467
0.11309797435566,0.18152399452633,0.596306760571855,0.0224325310153151,0.387592013626391,0.407979253415878,-6.87764762815695,0.181452097886559,-6.78778066063213,0.773932221483761,0.0130460805016792,0.0253252238626498,0.331406316790692,0.148946617651154,0.67112328775938,0.212786004645761,0.0379321864621947,0.334096404654384,0.334096404654384,0.740569105691057
0.285555044084841,0.226362670776728,0.5842723226453,0.0354669549280529,0.146350178489202,0.399708893144221,-6.7861383252488,0.287871762087784,-6.70953910707461,0.387359486412947,0.0286586721065697,0.0294821083160759,0.309887667178799,0.183254094593224,0.689622723424071,0.55898156213705,0.102326781120034,0.21160322442895,0.21160322442895,0.911062717770035
0.206114255560018,0.172854992695177,0.461059146383235,0.0273248459656874,0.3373701182907,0.301058978231578,-6.29155661451573,0.201852050725709,-6.30124676263296,0.0831190016572046,0.0147564515177095,0.023180830656802,0.168191179007032,0.164976162971609,0.772703110401479,0.293652003484321,0.05114333733823,0.151051039494169,0.151051039494169,0.827244483159117
0.167412518563943,0.199975539841597,0.431286712050592,0.0257042448254421,0.223719920282137,0.299584342511422,-6.45976583316253,0.216856100196231,-6.42691273817461,0.305632868770006,0.00454077437172419,0.00867795813286421,0.212646870761177,0.152739192561925,0.584219134353474,0.335603948896632,0.0128727056771893,0.135670527616918,0.135670527616918,0.775316492450638
0.195905765438628,0.200700072862281,0.452317812812714,0.0228303851310327,0.194232152385993,0.300937149105181,-6.71666159959919,0.154815444179354,-6.75923170021459,0.100319156586904,0.0388364601261674,0.0672862688140459,0.196316452816919,0.149957894641745,0.577382384701734,0.195300522648084,0.124765336993834,0.131205265089666,0.131205265089666,0.590246806039489
0.178000372635038,0.315515636772965,0.478976444924546,0.0187638841388514,0.140076142314239,0.321634220857734,-6.37349337295894,0.169158958197359,-6.41414534075204,-0.133328843554557,0.0117305413510728,0.0202739317579788,0.23378346473451,0.13216325239899,0.624210367956828,0.218903890824623,0.0362033747375428,0.1312294615405,0.1312294615405,0.755978513356562
0.874881073970976,1.09830225843089,2.31020355864212,0.622280433470351,0.257472052031813,1.51889866049262,-5.2600173077361,1.17000579406499,-4.80192863595327,0.511788700748904,0.186247693598339,0.325633771853809,0.893246359492485,0.794069105656958,3.72658713255558,1.47643728222997,0.595426221065395,3.42016611452157,3.42016611452156,4.9341724738676
0.142263411379009,0.150781073097514,1.55964702750317,0.0139858104123705,0.173902117729243,1.11535331205133,-5.04655576051559,0.116656294608713,-5.17933841682949,0.934628877276643,0.00870851505968078,0.0162196136464345,1.03332595267317,0.109574218603235,0.45784604226509,0.155405778164925,0.025602334742171,1.57521604094946,1.57521604094946,0.503876306620209
0.882430076507572,0.834256995801661,1.77744201653078,0.308474867119833,0.426768616438892,1.17687915799338,-4.60121660859466,0.75634776787241,-4.70342562356102,0.780093665957277,0.125019826868177,0.145629753578344,0.631996999939378,0.550533131780362,1.90759627534756,1.32601117886179,0.430693768842803,2.69755381482306,2.69755381482306,2.47299070847851
0.111959944711141,0.189772373060629,0.398979610426725,0.0150179227920366,0.359520814685156,0.27974006589672,-5.71691330190613,0.124714662169518,-5.74114965482096,0.164511220704559,0.0116041269847583,0.0196886464958315,0.150367556038239,0.12347769243263,0.623261012559758,0.133418989547038,0.0341123776515975,0.131176798597354,0.131176798597354,0.635574912891986
0.100362053272255,0.236300787419475,0.420552196734716,0.00999021194701293,0.153838875479437,0.296399261992358,-6.18223190089044,0.127085647157719,-6.17921254464183,0.241792472642001,0.0114891052279925,0.0185268100525509,0.168036234255602,0.0901576354827374,0.460046810405943,0.207584930313589,0.0364809859009725,0.12240996534435,0.12240996534435,0.513980836236934
0.0601818930884257,0.216693925110723,1.0265007086882,0.00493096912568186,0.20116848319771,0.742702758637527,-5.40679806882102,0.0955005429976089,-5.41952914574791,0.946377134416293,0.042688070918802,0.0730745220680973,0.793999356393726,0.0649151869254644,0.30334795297005,0.104482433217189,0.14018119169117,0.727276783107738,0.727276783107738,0.427372241579559
0.0705257171383312,0.0910418524755041,0.657313580860945,0.00599767389650324,0.595100286651871,0.469987365517808,-5.24665983466557,0.0803597501606091,-5.39502512047773,0.917027366952735,0.00789964630445505,0.0157565740317072,0.168412406720682,0.0776425733737991,0.388579649639983,0.0770397793263649,0.0208373728339275,0.594338406956944,0.594338406956944,0.398101045296167
0.102863673643192,0.203681899059589,1.2965668210093,0.0115609992984633,0.190540231459696,0.968242878835397,-4.37133656714718,0.117633746798464,-4.40839489585508,0.819853088286149,0.00439198928727701,0.00877779234478915,0.740223236770836,0.108280982997708,0.56229062757323,0.146080865272938,0.0122298308803011,1.22510730451885,1.22510730451885,0.608989547038328
1.96499168617165,3.04247999327372,4.19555536183226,3.28251764209653,0.143381923922418,2.68099913172578,-6.08838804627542,2.9449818963354,-6.21657150343892,-0.0711973621290969,1.21962391653515,1.58888643399906,1.70338764574031,1.36068409889468,5.16215980217222,1.60910496515679,4.02683151501096,8.61637190726795,8.61637190726796,12.4760191637631
0.275538224256867,0.570672950679487,1.72720061213048,0.100853614332098,0.312438820614525,1.24213287331466,-2.04096524788777,0.324802563550694,-2.09256470243197,-0.387854181386395,0.0484702796429574,0.0748334175584091,0.591280269387615,0.318034247394132,1.5525226938849,0.361478658536585,0.15289344653633,2.4238916559166,2.4238916559166,1.67108885017422
0.108037450481458,0.224013324880126,0.927202892963359,0.0476969199227858,0.457441501166037,0.635652408264848,-0.84752681560429,0.230799493658283,-0.892364232969173,0.220040294407341,0.0626811857031334,0.119381109747589,0.399932392897515,0.220531328334964,1.27297819994745,0.140915360046457,0.18250730416457,0.836861808779558,0.836861808779558,1.25187862950058
0.437775221436231,0.330554636226205,1.19380711637406,0.152657921110175,0.333219108163155,0.773295210058829,1.80807411582519,0.388925633854891,1.76526754637879,-0.753621298465785,0.136370210700573,0.211777521122478,0.487093921980141,0.389932061658751,2.25642180183928,0.452955139372821,0.445893501057455,1.05605806585612,1.05605806585612,2.25162601626016
0.207339316726986,0.188904688594299,0.856914394013225,0.0982636090019648,0.475233402408018,0.57113497118117,1.95361634897862,0.319161244434493,2.02481593857517,-0.322781742094799,0.030909592235636,0.0614778893288737,0.216463586375517,0.316563848972476,2.10863516971203,0.234964430894308,0.0872217440249514,0.776106197390531,0.776106197390531,2.10742740998839
0.268781917820873,0.352622362992044,0.804501161990156,0.0383403874083657,0.127095185102712,0.568347377948444,1.163677096855,0.22460652432344,1.5377195280282,-0.294578602408402,0.0582260549223947,0.0831699016182945,0.306915696984331,0.193676785950216,0.925981917564471,0.366240563298491,0.195618680956413,0.398041548118449,0.398041548118449,0.899939024390243
0.277198173540489,0.30802175045166,0.74755631996291,0.044750249002269,0.268474185942545,0.499451187751142,0.500334540320193,0.257586314177566,0.273438787573881,0.189521133222641,0.117745556065888,0.168492285236852,0.435474041050637,0.212239193093966,0.954000967637229,0.351188298490127,0.393650259386128,0.36169710486691,0.36169710486691,1.10118466898955
0.232924483991724,0.301249937886549,1.34036905254487,0.0643007286181902,0.303666136996545,0.993750601222696,0.353695714057981,0.263670445889096,0.309039240416157,0.393476501937974,0.0148050335124325,0.0277084429996624,0.403220986612894,0.255396314559753,1.58651561469087,0.220587253193961,0.038461244964326,1.53507498120666,1.53507498120667,1.57988966318235
0.225727112484204,0.148768566015001,0.55095504973154,0.0498756011904599,0.290744839715383,0.369159684334409,0.411004873494113,0.238333239962592,0.379271708496698,0.0703523843997332,0.0288880813429982,0.051503906618672,0.229813903482352,0.223103513790489,1.36113283662558,0.242579849012776,0.0916260225985894,0.228924568337088,0.228924568337088,1.36211091753775
0.272417300094965,0.249587829185176,1.07779043614483,0.0633052782107475,0.285822520977682,0.79748251632575,0.73407910318599,0.239635757005239,0.743045567835155,-0.239609572650394,0.0146115578290909,0.0230401554619348,0.32649923308097,0.242038403368193,1.43903802208231,0.287465156794426,0.0483699352926852,0.9119124818836,0.9119124818836,1.32605400696864
0.194378630637916,0.262776260186515,0.728865213528616,0.0496234515012496,0.361462764588193,0.515778444165008,0.896026508164241,0.222698938573779,0.819061208120892,0.0731297444098087,0.0235587865065434,0.0440641395198274,0.230638715752268,0.223008251677194,1.46774767638323,0.210140824622533,0.067113817014441,0.478993305831972,0.478993305831972,1.46734320557491
1.36201820945492,1.03903936543139,2.07391848422927,0.982989579805244,0.0802216672514051,1.40843113206001,6.57212258887295,1.11128549772311,6.29624889601014,0.358411748166374,0.641960440235111,1.06644681719335,1.12137268332908,1.00128828742339,4.83346977119465,1.4963131533101,2.05320843162265,2.24157567459417,2.24157567459417,5.19655052264808
0.217163925828899,0.45608079623387,0.98535858286077,0.174078672468887,0.168563674551942,0.664344147896263,-7.26643136116235,0.418996771038779,-7.2817434626116,0.548169984872582,0.00314687540686249,0.00116977583870082,0.62091049642708,0.419720338719293,3.06137447266582,0.208209930313589,0.0154945474269486,0.653218222433461,0.653218222433461,3.0296806039489
0.363673806676649,0.496134256206467,0.968167696281399,0.0739899546295399,0.143445258356183,0.665938839405368,-5.93894183689736,0.249819868654995,-6.0070038414983,0.439071957481282,0.00611793440941891,0.012486249180526,0.597473674226789,0.263004205138993,1.09162489698552,0.341281213704994,0.0163683960776684,0.562411527637789,0.562411527637789,1.03010452961672
0.200895204455288,0.232024526948145,0.762880973953049,0.108453518364595,0.310584333078077,0.512930568418809,-5.53810030516272,0.334738463849547,-5.51681867800775,0.491482278198343,0.0163247830531417,0.0129967290848114,0.300085164072291,0.329529696560059,2.44488003527963,0.262730836236934,0.0584606797958447,0.460758854908162,0.460758854908162,2.44150987224158
0.158302567237125,0.377581926637777,1.05866484725987,0.0583113891285455,0.251650564999939,0.755827227457214,-5.2569108537724,0.244331589102954,-5.26287866033846,0.515328299739419,0.0224391728533965,0.0460211924992411,0.490292162296657,0.243176743191785,1.71160572131886,0.167507984901277,0.0610580485333845,0.888823731829633,0.888823731829634,1.73521196283391
0.162093000671766,0.218826774991438,0.82746700253667,0.0737837580325094,0.290111315130967,0.55208305248157,-5.5444014597709,0.273390077362306,-5.57987552285331,0.710300812640015,0.0127827133013239,0.0150188700537459,0.428869131212728,0.274307255248932,1.9876256307495,0.158659262485482,0.0504661013993832,0.492205384134205,0.492205384134205,1.9875
0.158726152484077,0.158935690734868,0.509826571865818,0.0231105463592126,0.229855182989509,0.348855032025722,-5.56656361731685,0.164530079686287,-5.59673745611604,0.616143229569679,0.0482448717631148,0.0838699888199752,0.407922440100927,0.150473381356541,0.729263197015071,0.215983594657374,0.15134367183275,0.169638754535314,0.169638754535314,0.750859465737514
0.240962399825707,0.360090677809437,0.923717085822828,0.174236787537115,0.398313737388683,0.625650475215372,-5.78239991118399,0.421394467897517,-5.81580329220854,0.657023809672748,0.0861222700517648,0.122622611555979,0.443839528863553,0.421053028828639,3.7417714523524,0.246547619047618,0.28697111198775,0.736696945833339,0.736696945833339,3.74257839721254
0.143631681881433,0.181071708547003,0.484237778164235,0.0412441259426669,0.354786255362816,0.32192031758535,-5.98537097765936,0.211106467803755,-6.00022269777868,0.59965973644692,0.00720719283339746,0.0115617257771259,0.208063911414466,0.204745829901,1.31595992832083,0.168631678281068,0.0278671486426312,0.19485537779969,0.19485537779969,1.32033972125435
0.572500817426541,1.67736951080721,2.39978045789207,0.389153772377184,0.145675957797951,1.66462001616475,0.0740566714490674,0.640331299084295,-0.0504277102216605,-0.0232465143983725,0.477514519237534,0.869435188328465,1.5869054514142,0.613902918833647,3.51289348427872,0.702726480836237,1.44683053528713,3.54052738016668,3.54052738016668,3.48984320557491
0.172992108278242,0.171785221084974,0.361579794521906,0.0208312706848132,0.123481198265536,0.241560966413246,-1.39788213659448,0.189154815697844,-1.40423165747708,-0.164217238060747,0.0876800937159911,0.136954148345186,0.235459213748698,0.138742554685315,0.574388167155606,0.230265679442509,0.289032833587756,0.0706099863501823,0.0706099863501823,0.755740418118467
0.162759739288675,0.246713088076648,0.754232292729486,0.0290487227023077,0.333314821600437,0.52172295239824,-1.93644918129854,0.176067003900626,-1.82786391222834,0.0106819979628084,0.19253857233916,0.286399061289352,0.415138669451503,0.170900791964606,1.0169675816278,0.164382984901278,0.637642694767541,0.449617343480266,0.449617343480266,1.00119047619048
0.169743771740147,0.24048152678786,0.63297367919987,0.0232652458711942,0.229027509886745,0.440388177361711,-1.59905957504953,0.149032106962794,-1.58759593891738,0.594495878189271,0.0434998903017801,0.065804937423982,0.300771879999976,0.152513756200187,0.68644232201197,0.171875725900116,0.141875319200741,0.268407260397263,0.268407260397263,0.666445993031359
0.178264077948778,0.385449558711784,0.971134296854826,0.0158592693300258,0.373957868426161,0.700099735692059,-1.62280379631527,0.121788966889321,-1.48988514440287,0.467735436469478,0.00469457449868895,0.00463171219439573,0.416975854358339,0.125457468770294,0.502216847637573,0.187698170731708,0.0158361676776053,0.881561107235785,0.881561107235785,0.489404761904762
0.173813632074194,0.376647887573403,0.742665271235718,0.0619132331070384,0.397788823266848,0.494499454631748,-2.03992820705518,0.250751624586948,-2.05938362658553,-0.504376658777478,0.0403074579942296,0.0858082647556184,0.358116232597846,0.250768393428907,1.45264733001119,0.206020615563299,0.102742097579307,0.430376064044949,0.43037606404495,1.44829558652729
0.18737873996134,0.174239467288864,0.540989875948723,0.024456485999607,0.360204121955989,0.365569288042919,-1.80431355469017,0.186837088956281,-1.8104858264055,0.786312154492678,0.0100409948523451,0.0116172279332822,0.142562159474421,0.153330661256324,0.818451933560896,0.212823025551685,0.0365489975545561,0.228313200817204,0.228313200817204,0.952409988385598
0.184321253865597,0.212453306214471,0.693040894309624,0.0189818254733336,0.242302202057277,0.512135481901474,-1.49787035139259,0.18133297704924,-1.51564716075327,0.203301082978963,0.00571814860542792,0.00634251939821695,0.18731874280965,0.131080262934489,0.605761158473628,0.26768074912892,0.0257493313984121,0.376837964304384,0.376837964304384,0.705769454123113
0.293166631973664,0.310864740748078,0.687861309383213,0.0569947850216994,0.286699097104606,0.457283200326511,-1.385497939013,0.127702378622895,-1.61949654904692,0.715932308667114,0.140759560575721,0.203914802043645,0.337520457044353,0.187916362849313,0.792434450469011,0.128954703832753,0.473792857914946,0.302652211718995,0.302652211718995,0.795301974448316
0.151973290731104,0.245717693763375,0.77817251307152,0.0381304064167158,0.416911922436634,0.541364743657513,-1.44502248867026,0.187910160442464,-1.48837564760045,0.876137855682626,0.0282044353517911,0.0329090398486915,0.304415123688833,0.170336283708073,1.11047327563135,0.202958768873403,0.101037855567,0.619668081439372,0.619668081439372,1.11207026713124
0.429684317989793,0.364498149833446,0.731769912785156,0.13350665307373,0.199735528766474,0.485619858874355,-1.41065063423743,0.476470266785144,-1.55481378607018,-0.0264244763927196,0.0555330605970747,0.0688514353033014,0.407462295939697,0.365627346204834,1.89620915582797,0.335051538908246,0.190259832011769,0.303097896881666,0.303097896881666,2.13795586527294
0.340595800394084,0.230914936494983,0.560339828300448,0.0539897920396171,0.206899841695237,0.367557488216515,-1.24601495069573,0.323512963689868,-1.30431482580588,0.307232795837407,0.0130407202575641,0.0252440044068969,0.290182970683856,0.229113731620266,0.961460328472647,0.575670731707317,0.0421430867643,0.176591972665812,0.176591972665812,1.156393728223
0.691515262407725,0.69256946555168,2.40879916937598,1.23728765004903,0.285457197344364,1.65551711740581,-1.32587290200633,1.11674203644854,-1.58485090335362,0.140471355633379,0.0996195238954211,0.0558335982813389,1.52012242161152,1.10170427284546,6.74261018573031,0.945873257839721,0.383431044133848,4.24682972475549,4.24682972475549,6.74230255516841
0.127927932107693,0.155362048547152,0.556766839745863,0.0150816079860057,0.184796462305076,0.412621207524474,-0.949725068889344,0.0982389748340376,-1.01147393922697,0.235448063926928,0.0482505625590463,0.0757503620101243,0.197145508969108,0.113391546137934,0.643442288615762,0.131782084785132,0.157558287666982,0.275835394080205,0.275835394080205,0.57150406504065
0.565259474429341,0.239493122635455,0.97015476763968,0.29588854189806,0.417231331006229,0.642605271179633,-1.20091195827925,0.663031348947283,-1.26066272057325,-0.191681580213499,0.0117085221886157,0.0225656366645826,0.33088159691981,0.547609705553307,2.73672934395256,1.06697081881533,0.0336435306599316,0.718486495049233,0.718486495049233,2.8081968641115
0.355105172299364,0.31317862931034,1.18597286386053,0.496595202685654,0.558214895902919,0.766704774433304,-1.63948902325158,0.755447093256829,-1.75167656335779,0.209711537936872,0.0730367440578328,0.0979038207034684,0.369555429061979,0.708155844336666,4.37412208442064,0.637092770034843,0.239384909553344,1.4815342708119,1.4815342708119,4.39230545876887
0.309485952558695,0.2636848070523,0.862223623069076,0.441414201158,0.599325085555259,0.594547971524131,-1.68705700166245,0.706517642602373,-1.72469334910988,0.381159103310072,0.021334146650974,0.0342162134167516,0.313184643301006,0.669539379665565,5.04395761691832,0.503515534262485,0.0677575349761348,0.923149742081973,0.923149742081973,5.06143728222997
0.422144036997097,0.161284067729445,0.823998400828683,0.288544839531208,0.521882432456057,0.552963547208376,-1.56131282594339,0.593226119785709,-1.61706253405778,0.0972919962470255,0.00549202577144937,0.00925436937321145,0.222111669967035,0.539794047708259,3.42422220014328,0.561243466898954,0.0164700987512418,0.691060662846585,0.691060662846584,3.44293844367015
0.314283205559665,0.310338479483505,0.989789212084095,0.141700868282216,0.397155056896537,0.667834321044676,-2.56754890574116,0.48309405699686,-2.59982218085121,0.410015219097396,0.0797612659769661,0.142635077352713,0.285085570277726,0.353247050116044,1.68068170900054,0.743247677119629,0.248501324863255,0.809438638656767,0.809438638656767,1.92540069686411
0.275610083646946,0.238681291395903,0.684651339707869,0.145896075627129,0.41801217586686,0.459545029012734,-1.89298017581016,0.459662504964197,-1.92019778781641,-0.213665798423466,0.0335110888280946,0.0532718785097313,0.32354232601021,0.379118513439102,2.39929330971837,0.657571138211382,0.103544139464855,0.406980155376127,0.406980155376127,2.42871951219512
0.28008054950304,0.211805751199865,0.738764576459745,0.0935083669798697,0.546639252042313,0.50449163938367,-1.80113969164902,0.336230369789917,-1.79747711049263,-0.102219671229418,0.00236415142229183,0.00303739911193368,0.310978088604597,0.307501109029151,1.72884402960517,0.400508130081302,0.0105641914433949,0.632974676136092,0.632974676136092,1.74519744483159
0.25631033065492,0.218892364230522,0.799549761724609,0.0714791915609052,0.295413907405026,0.554502911024631,-1.63003011773815,0.287900626239691,-1.56899199911229,0.0692848560161913,0.0164350204210463,0.0245157772084621,0.321289430395431,0.269796827887966,1.78430010126026,0.349597851335656,0.0552580207300633,0.486175813296004,0.486175813296004,1.80183507549361
0.103254280551767,0.137256379506415,0.284604691214041,0.00945052356730169,0.12599054220716,0.195805717917282,-1.55834181640136,0.0836870235795274,-1.52338303860158,-0.113186789773378,0.0494003631974161,0.0781200994265436,0.189354415545034,0.0864147847037683,0.379744819731894,0.0832396922183518,0.160222109961307,0.0482970366956612,0.0482970366956612,0.367996515679443
0.62957191827366,0.475086281578983,1.97970050574558,0.574576333755972,0.195768905383657,1.2869868987634,-6.1592564505477,1.24307901102927,-5.75424141293114,0.567979412604278,0.324338998536457,0.641879669105252,0.966686811352586,0.478614884004501,1.91490601877193,1.5631743612079,0.892967879157093,2.11209848913971,2.11209848913971,4.40943379790941
0.285255498194408,0.376477612489227,0.969491166565761,0.0399037081774822,0.429828387989599,0.678879679785684,-6.63260703468379,0.27585917432904,-6.64928814153388,0.60122660876899,0.0226625616710841,0.0479114802957188,0.50475037253454,0.192324378026282,0.740759470017914,0.52254137630662,0.0601216286139206,0.901631600267924,0.901631600267924,0.912610336817654
0.288976710059174,0.435004185751856,0.953355503753501,0.037372678451282,0.451411506474468,0.66283847872352,-6.64213391860809,0.317628775385023,-6.55072982685427,0.700727756748375,0.108078249902729,0.162857433139017,0.437275087418437,0.184759749546631,0.767090526794897,0.562539924506388,0.36450631792027,0.869336905483491,0.869336905483491,1.05549941927991
0.179282261844533,0.212953124486582,0.55614219749553,0.0135063728013222,0.39902779939864,0.375697804527466,-7.69991721892009,0.162153329679866,-7.71395439004588,0.456057269270589,0.0368417480190225,0.0690553480011769,0.381123730252145,0.116159952048393,0.564392645261378,0.295021051103368,0.108875594602386,0.257951104032592,0.257951104032592,0.630217770034843
0.323547205875004,0.231328172351443,0.722918886130152,0.034483363864798,0.183557481997212,0.48367437556522,-6.51188870670219,0.306428278973126,-6.57086589585599,-0.237414222889497,0.0284757942585048,0.0556026343948357,0.471541273394924,0.183489600875302,0.621133314003126,0.665179297328687,0.080978612630684,0.310457015280689,0.310457015280689,0.990952380952381
0.184250728775064,0.162969917839792,0.601513498567617,0.0328580089265232,0.437815901230271,0.40194038170973,-6.33123886953155,0.238971353758241,-6.35569345858049,0.765609397900014,0.03140454946066,0.0539314569428857,0.171369763750129,0.177961195808902,0.720796147554024,0.330773083623694,0.102688838672812,0.385467271178332,0.385467271178331,0.885243902439024
0.251392076777913,0.213614399016032,0.648533885737199,0.0277236434438503,0.501331403036782,0.436216677337394,-6.41261466375168,0.218820065019219,-6.44031214468814,0.777763798446663,0.0540046695984296,0.0967216648649885,0.247168420847413,0.166675072977723,0.749481664583003,0.407805603948897,0.168127910930314,0.417312634618681,0.417312634618681,0.783330429732868
0.353486864286526,0.268750847299271,0.702790005789803,0.0388246820470377,0.459417931933203,0.480691674374065,-6.33863263191455,0.291935019859644,-6.33530620393453,0.812211628128126,0.0181278258482602,0.0373751394681214,0.296507768024826,0.196487942417196,0.794358658876649,0.587389663182346,0.047243205700358,0.598182280421325,0.598182280421325,0.936062717770035
0.0661978014726814,0.13449217604609,0.244982496602885,0.00226859581454493,0.23350242429913,0.163278258559852,-6.41484656464212,0.0455810225009512,-6.47388715186328,0.460480661923582,0.127983880320266,0.203177747630161,0.146256586138799,0.047286888901595,0.210915056705154,0.0613625145180019,0.418889033744607,0.0371386411635294,0.0371386411635294,0.207793263646922
0.237195609166019,0.265564418069017,0.561399970398646,0.0264789740327894,0.479896938512457,0.371172592936035,-6.2970347976589,0.258845148824587,-6.28519113106833,0.889646338881974,0.0224534120596607,0.0437864406154187,0.167632273754188,0.159991457362672,0.735206075240524,0.442562427409988,0.0601105363292671,0.368307836610401,0.368307836610401,0.919581881533101
0.543609719628405,1.17520375329392,3.30780542328923,0.217666087408275,0.274964613282212,2.37040144770045,7.30307683833647,0.493418955538671,7.19362335654187,-0.229304638069067,0.18161754908442,0.230946423627532,2.92425653763912,0.469461252712709,2.02573716332689,0.749371143109021,0.606543161763708,8.65237226951091,8.65237226951091,1.97621216573611
0.793372237942869,1.95861006435191,3.37797988657566,0.278246067450714,0.141104904874548,2.45377482998877,-5.00724738264392,0.554834965245735,-4.41082369248457,-0.593948780024193,0.159496105895924,0.197988688160116,0.997147425928709,0.503050249288365,2.2053543438696,0.88567220099912,0.543139303529451,7.54417600386023,7.54417600386023,2.38400528945048
0.446213213116907,1.33628251086638,3.8116972501381,0.373702297899017,0.306968877698284,2.58248824832918,7.1934516668848,0.858873372033086,7.40826294612779,-0.492376352568263,0.174302869729346,0.292009041899977,3.34549930091697,0.424396386584309,1.99504754268826,0.918817954745814,0.73027393161753,9.78475523246967,9.78475523246967,3.42664119894211
2.75332293507977,2.22025481986537,4.79249913221119,8.92184237439402,0.149330899132549,3.24149368451484,8.29319418001308,4.00242205917057,8.09290822670826,0.671913982444435,1.91559668150748,2.11489330626859,0.94953539442459,1.81385465928471,7.26391014741303,2.46149647369968,6.55240122219987,12.4909245194698,12.4909245194698,15.9540963855422
1.47385613584272,2.06662758543651,3.17105449510303,2.07184235631995,0.0762893847572133,2.04747804008816,8.81175522339409,2.42551787179061,8.69963767349955,0.0687221587010075,0.481887749506363,0.494084086295036,1.68082586189039,1.15083821948307,4.23126792799001,2.16924551866001,1.69043414336721,4.68760764129699,4.68760764129699,8.25449015574493
1.82587060626299,1.05937131956311,2.66026835654394,1.70424195207756,0.182435874720794,1.73329066538197,3.54685730693492,1.35611013634419,4.09565282426547,-0.0947770345436151,0.225271330019986,0.381471247386083,1.02897754945113,1.30100397194572,5.02114396158651,2.04877754922128,0.741204243745635,3.78396267354275,3.78396267354275,5.19680869820746
0.925734096087048,0.661089111314981,1.09597605590309,0.352442510676184,0.224453785139765,0.743349739244961,6.28170490392258,0.847245487054637,6.24972012576146,-0.480363322497939,0.134077051980818,0.255462625206926,0.566107592198913,0.560871869208928,1.91773544981065,1.61664707610932,0.395635546921547,0.781415503417046,0.781415503417045,2.59018513076697
0.998228992510661,0.599223803243154,1.92992034167974,0.660917938505468,0.0854874694918966,1.31810795927739,4.6584132704899,1.07966755342715,4.64825493047981,0.425105990052848,0.0552099608983518,0.101398163338038,1.08885072369426,0.820816603422091,3.68485612098136,1.58212018806935,0.198483708315639,2.03288396993704,2.03288396993703,4.4993446958566
1.53512057299592,1.00975432983501,3.15193205241898,0.963485808386374,0.270056470399169,2.11137925887842,1.26876387973154,1.06050674713254,1.5479591968022,-0.264623007585704,0.304190783198013,0.558027132828945,2.26228929278695,0.988018909589047,4.50402698063971,1.79019468116368,0.942644955476844,6.82651813307987,6.82651813307987,4.57269174258008
0.598455756229951,1.09499379928554,2.4321958815555,0.566951620181297,0.119576614757641,1.69083544174406,-5.48679437432726,0.773488792611825,-4.68264500901219,0.583726828394198,0.597340419236072,1.14086149424802,1.25179066246497,0.754077586715926,4.52107045233859,0.710529679694387,1.71193703388027,3.40919798394687,3.40919798394687,4.63306200411402
1.82599776396204,1.81834172357997,3.09661545111751,1.0477313232172,0.102911777991808,2.02088882854497,8.77368699502526,1.082870125782,9.37513384308192,-0.113137494213303,0.718516380995634,1.07033141428363,1.87276505107956,1.00554095288297,3.28365339767329,1.70226711724949,2.32115568109836,4.70434665398502,4.70434665398502,3.68765207170144
1.11643347746523,1.80694123808637,5.19272720065566,4.26984322447899,0.351018544529132,3.65049714013001,4.40417922424137,2.05889000677126,6.58212068886708,0.153190805144613,1.63295746825942,1.82628249310492,1.05324540670897,1.8956873756858,12.4882870566244,1.70626285630326,5.59612561986801,21.6002709840624,21.6002709840624,12.8550396708786
2.75046515633217,2.47243546684546,4.95667914213506,2.37832470553601,0.0930549658415947,3.21591435429697,5.77839973818894,1.713466358744,6.79024702067362,-0.780577097670109,0.665491459418226,0.429379955324928,2.41242060496268,1.55417930310346,5.31127581123367,2.9258668821628,2.65949624852449,11.7401464317571,11.7401464317571,5.83600352630032
1.08487936066865,0.9780222272174,2.62438618254927,0.758263020264988,0.16029849171284,1.753141911847,3.60482186723254,0.990525282495463,3.74858966372765,0.245934164317419,0.0599584482421011,0.113295536461948,1.18323541843804,0.864101811357937,3.94105661300738,1.64622098148692,0.175742869601589,3.89901027787648,3.89901027787648,4.37559800176315
1.15152804578853,1.12203616853687,3.04781011017873,1.36583006138136,0.156651080792642,1.98455277591555,4.73971075941396,1.46162306692462,4.87412517855947,-0.424450233566733,0.289444673743347,0.384108875539511,1.81393076419212,1.17456220787916,5.5270815151968,2.2970606817514,0.973207091347659,5.05572600622208,5.05572600622208,6.12571260652366
1.59292649960132,2.70689066550727,4.7804184042376,3.66187448434387,0.139799356575725,3.19277492318651,4.2707095280075,2.23566227575288,5.40155534314782,-0.504649225260072,1.74306379405501,2.14494374517611,3.01531535372413,1.47405065988189,6.07398496571804,1.78816118131061,5.8288120504903,12.1055227636127,12.1055227636127,8.78897149573906
3.71250964067857,1.71707802143167,4.05177378489405,4.51214815877875,0.261614530964434,2.65820793139287,5.19311137835485,2.87000730081661,5.34226821490783,-0.0931328539062537,0.384845800181492,0.777817775579964,1.33189953667848,2.10628322089324,8.66820183908501,5.57941595650896,1.0557536314463,10.1933563096583,10.1933563096583,10.1993917131942
0.72701025754421,1.20825809264379,2.06993353020656,0.301883308979903,0.128204447132393,1.38009584682982,3.73889872258042,0.619699449498435,3.82036931463077,-0.326230229835268,0.197002037136696,0.218334563815645,1.1887539669276,0.51421866079465,2.01303131790251,0.847152512488979,0.686790116311721,2.34676298777537,2.34676298777538,2.60067881281222
0.629758359321009,1.05730483676285,2.04336852240278,0.649373965478503,0.259723129123352,1.43512735532322,4.59305277542499,0.600283126879108,4.94135827547684,-0.115963735044381,0.0763035457957105,0.126150894731023,1.50344044339572,0.722225086499231,3.70216964451236,0.48147957684396,0.263337066503455,2.94360087801449,2.94360087801449,3.73802527181898
1.05162217315232,0.931179734151861,2.70109160907034,0.676145480747694,0.0587233005109478,1.77367956732073,8.6421855557778,0.902250007644288,8.56935460540869,0.584316828999486,0.165820037531064,0.149488303341339,1.74905040808296,0.830461887555604,3.65836935769333,1.30216279753159,0.596914574380179,3.57834839382603,3.57834839382603,3.91893035556862
1.56748366552278,1.97077047031932,4.09268864986081,2.7778939076463,0.0609507693383579,2.57086987550266,7.99083823440239,3.29233572276115,7.2090580691282,0.85262582726335,0.301908179620775,0.298202864345003,3.13165776929088,1.44151307527195,5.02192987288638,4.9668432265648,1.17946716968368,7.11591112998136,7.11591112998136,10.0137731413459
5.79311469600674,2.96255686092819,10.2635238612406,48.2802419427247,0.355753415957871,6.91025381807858,6.55041217133342,3.83940309755733,6.24495327060965,0.736236716002867,4.6383111887116,7.17950136869035,3.51167764332033,5.43164002808415,21.761785023307,3.23182779900088,15.1802694572514,82.7230150400898,82.7230150400898,22.5165354099324
1.82584252572967,0.784766410592868,2.94511999220774,2.26467897227741,0.196628083177984,2.00330569725766,7.45653125174058,2.32549163961148,7.84891080650767,-0.425125991713123,0.194429828553047,0.389976372527403,1.13465027960882,1.08005276881701,4.21905764206897,1.82734425506906,0.537182487582134,5.14259847075366,5.14259847075366,8.51626506024096
0.977585837388082,1.87939691621995,3.85246981517074,2.31194676711963,0.227717025223671,2.68103575100927,1.87698124053226,1.50777696884002,2.0296084567546,-0.329881634307055,0.101164859098692,0.186942893479502,2.28266735233343,1.52904563711095,8.64431742584088,0.704984572436085,0.277500547536649,9.83403397600548,9.83403397600547,8.73680869820747
1.15513373952546,1.36852869779532,2.59865873921429,1.21303473304939,0.385204003412821,1.6839798588944,9.19314647535966,1.43657027018724,9.41226414918255,-0.811437166606849,0.438329697267567,0.593864694616833,0.807082398410142,1.02915059834439,4.68821722151186,0.816996032912136,1.4588700219097,4.76598142342146,4.76598142342146,6.34704672347928
0.988017437326837,1.30626025751839,1.86505538944539,0.614301643276527,0.0774903467536563,1.21279173989974,9.75790196654624,0.830328823648689,9.61735385924641,0.230058425722763,0.18590615695257,0.348386854077752,1.15277431940129,0.79143327256066,3.65517256716888,1.08475315897737,0.545074764464168,1.80250182031978,1.80250182031978,3.68707610931531
0.857385244623488,0.659848742669281,2.00883444063638,0.578002346208083,0.125756383663331,1.32353426339634,9.71870475274055,0.57745056684621,9.61989857163183,0.348591579233194,0.123882959692961,0.248563180704256,1.26087251324673,0.690177390286614,3.16318251509743,0.806627975315898,0.340623336937432,2.17994251907771,2.17994251907771,2.4728239788422
0.880901265284944,1.05079791526552,1.85303344119653,0.701627242499423,0.135047312882717,1.24179613165593,4.5224992763292,0.652661092605113,4.82437301741969,-0.336871487881193,0.156594878467913,0.295300416007079,0.406010049947509,0.764272750857716,3.47751813135064,0.785789009697327,0.475808774492929,1.9577345516255,1.9577345516255,3.12833676168087
1.59566599224596,1.21552345892782,3.27093769936553,0.985405141810895,0.152639527401529,2.14815804813701,2.31986152576419,1.45283224888432,1.58335747713373,-0.4985148209645,0.460035934417555,0.84608441009896,2.009459431601,0.988236015383857,3.99907888209076,2.63425066118131,1.37695997857153,5.68262201906825,5.68262201906825,5.37124889803115
2.69162037528187,2.91235996702939,3.48810889320014,1.95150667955915,0.127922947605972,2.20707573119563,4.00000827111136,1.98546544869764,4.38655965665869,-0.562577459630082,0.597858559596116,1.06092664010568,1.90064201844029,1.40949093716163,4.84699059132994,3.82323097267117,1.82357451539002,6.04578500525019,6.04578500525019,6.59659712018807
3.37673269269278,1.58243274270395,3.62270960902166,3.26810614383747,0.102516306592066,2.40063608922329,3.1786430191628,2.47419287025806,3.18745960395713,-0.68549204841689,0.315256429899181,0.600937008908399,1.73205642045496,1.81135941103384,6.04616560978939,4.86617543344108,0.934724115628331,6.77323541329506,6.77323541329506,7.94882456655892
1.16342525951943,0.992458091252299,2.24696004364189,0.745294751555037,0.0561005488483367,1.52146885603983,-3.49680735512934,0.610979665320065,-2.75050754689224,0.254216319335461,0.234501770451725,0.467138982842561,0.860031046760746,0.73134336619306,3.15876725974685,0.812059947105495,0.650780850831255,2.61273805888819,2.61273805888819,3.04405524537173
2.27030252506404,1.61408347962463,4.13999191100239,3.04363628420507,0.0922002547587391,2.82177662748149,8.49205074585422,1.8389481271194,8.72726094380235,0.2961403955801,0.215171282800089,0.157431071037927,2.53618580034522,1.7548879253901,7.69196337163875,2.81800029385836,0.847172255720343,9.20982159640974,9.20982159640974,7.71446664707611
1.02895650380219,1.2872868632404,2.96401355561715,1.19385827854996,0.387995396559703,1.95919274340775,3.29260455911231,1.13595176898716,2.73532992738346,0.0510762799297008,0.22407068668323,0.448372214907,1.60448835854412,1.08986740361668,4.55192033387696,1.07605862474287,0.604179950867691,7.19366874513339,7.19366874513338,4.75589773729063
1.07062259109699,1.38904947377481,2.24313589603371,0.51450968371889,0.19481581308718,1.52170807420766,7.12789789478334,0.763612909754382,7.24206497958886,-0.366858570472865,0.137991290496144,0.119524430623947,1.55881490359656,0.718317396159547,3.09157782041976,1.09509476932119,0.522639336223836,2.99576754549851,2.99576754549852,3.24200117543344
1.04391822434998,1.19902848418473,3.36471373486265,0.855294973838831,0.0541244215911899,2.15874141891083,6.06035702556074,1.49342671439505,6.92419698554407,-0.670520578708105,0.460808523173899,0.386027316058637,1.32944190064866,0.871994876371674,3.24484938726577,1.7966323831913,1.70559827609161,5.08109610514401,5.08109610514401,5.29905671466353
1.95689943500624,1.89900574819101,4.3379490474388,2.67944675787099,0.19624971715488,2.87616180208455,6.14501799779565,2.68350333044068,6.5452440942267,-0.255585503425118,0.532902764785159,1.11901702961072,2.58407888349936,1.48142473455522,6.74916885026744,3.65305465765501,1.40306637887963,10.6743278829795,10.6743278829795,9.79702027622686
1.78542086451992,1.32860333418894,3.06369687093282,1.12686149563119,0.0865390578022139,2.07899825464658,6.11892082643617,1.11522131865318,6.14980158681132,-0.381006789896623,0.478631580768445,0.822049272187712,1.75730731580549,1.03397677727615,4.70875069059159,1.54092859241845,1.49352191518699,5.13233353456203,5.13233353456203,5.28506611813106
2.81721636095501,1.31039768695746,4.06816995533586,3.24394111964298,0.201682860543218,2.61247406797157,7.57858000698565,2.45487042057921,8.65979914618489,-0.574584879613326,0.656533984530959,0.61105077189648,1.37370005956823,1.81420821281815,6.67212850597243,4.33313106082868,2.36457732038865,8.70428272868951,8.7042827286895,7.93688216279753
1.57320915768246,1.32099637285786,3.24986806088847,1.78708904666881,0.275889260660641,2.15788617226609,8.76351412893495,1.43387994415513,8.60346113303689,0.32641633102415,0.102216968607256,0.138435137291623,1.47628015505351,1.34988403334082,8.9390378978073,1.88091977666765,0.36594935091817,7.09250131558359,7.09250131558359,9.00044078754041
1.59501653932294,1.34654918596551,2.46842566331321,1.32751585394114,0.105640423709363,1.67555992236132,8.6484703094677,1.33728496394973,8.30643575599211,0.712755814576977,0.173916853408874,0.253100537051946,1.03588795345527,0.95559353542458,3.69762376719888,0.953939905965325,0.730914651588041,3.18283582539062,3.18283582539062,6.24834557743168
1.93952232938945,1.43400829137285,3.64689165375352,1.38601950941871,0.126434289009109,2.37327462365925,-0.530471587792723,1.18864132347123,0.280229284757725,-0.504674093269034,0.240120835478194,0.486102694601463,1.58510399573684,1.14378773505408,4.17045369323112,2.1825014692918,0.657999458615247,6.77204599209875,6.77204599209875,4.5797825448134
1.05836102887865,1.37605155190532,3.10716533441982,0.655607121328291,0.118868702335372,2.2233818091826,0.142640982732597,0.791203389502777,0.496136929059486,-0.819644123452091,0.154758138213033,0.251500258912708,0.872373972035977,0.799063950715116,3.09073249870408,1.1463076697032,0.596393871348624,5.79917584050592,5.79917584050593,2.92692330296797
1.06453747694847,1.46081196595626,2.61318741321273,1.12407975572517,0.133038876167892,1.66229538585906,6.79170355124124,1.38861920267434,6.73785013336777,0.73695391657541,0.269306679946261,0.231333888022677,1.21601107379,0.7307480401225,2.75394159051833,0.760715545107258,1.04182120332053,3.26094153691263,3.26094153691263,5.63446664707611
0.578146627752709,0.666806035515728,1.47202250039563,0.457701564266041,0.226427424908878,0.972415322733746,6.79034409963417,0.752083012803271,7.11175907330802,0.317754712979802,0.285691927829469,0.396270779060615,0.573934424924154,0.575365470744194,2.78693028017015,0.274058918601234,0.956389888263367,1.28439203181369,1.28439203181369,3.64311489861887
2.21311428523201,1.72678090602667,3.50868332868692,2.33499753661587,0.147246562996725,2.29516223634379,8.65377194368785,1.77507790284018,8.5314117990715,-0.0833697172343986,0.119169958112006,0.224467796155229,2.40519241096549,1.50664989346585,7.62778333227241,2.65780340875698,0.339474881176423,6.51640422509844,6.51640422509844,8.08192477225977
0.52832784013585,0.849241775818685,2.41256001606503,0.287461526402073,0.171988730551278,1.55174513934762,7.71866904661757,0.595298092673423,7.63559999869323,-0.856349376077506,0.139599907872568,0.195991546296144,1.81530479917234,0.491989518324013,2.13182271293651,0.951470761093153,0.452317167750843,3.08445063800899,3.08445063800899,2.15178959741405
0.761071986229557,0.907846217687368,1.61982067803826,0.429487415829837,0.118373994708878,1.04128351154945,5.38226070641794,1.16808315113558,5.68353963504912,-0.23590525231878,0.123768186195633,0.147528777836889,0.768007539569542,0.60283922953864,2.09403586681756,1.75958492506612,0.449179560609089,1.29504211276443,1.29504211276443,3.95148692330297
1.3985563502842,0.905520368925755,2.586788563594,0.885375584098785,0.185471659099426,1.72929845014491,3.95913590139749,1.60066874301733,3.90978816129271,-0.611337539311345,0.237528438171026,0.335090480048729,1.47498679338535,0.846053089389888,3.95858988523013,3.15810902145166,0.793711211454053,5.2819508545731,5.2819508545731,5.12818983250073
0.562612106772743,0.640618917891969,1.41468071575327,0.170345271651575,0.192827607495,0.922805827371354,5.08362107033038,0.47468859945707,5.17352975449968,-0.576779102709426,0.0957292723630538,0.154289464066668,0.731626974108738,0.399928285896118,1.78271188689201,0.687059947105496,0.315710968224423,1.20861713822799,1.20861713822799,2.01809873640905
0.981662977958611,0.392121638465031,1.93493149643932,0.450465221680466,0.0850895278079506,1.23021858600383,1.70822838803461,0.818165195874921,1.75696895572312,-0.799710996426807,0.146164717889619,0.242378130618595,1.74472845977538,0.677510640536106,2.59395344030023,1.20075521598589,0.463575604621088,1.73280701546149,1.73280701546149,3.00112547751983
3.23267240369806,2.97878932995602,4.89964516567678,3.98478213275079,0.0827840527803409,3.2682504031338,-2.55685460157224,1.57335958276602,-0.606473115291369,-0.399118634810318,0.87225952674013,1.21846416064331,1.81722210983606,1.69923818215786,5.77063477678879,2.01508374963268,3.652649240941,11.8234749674089,11.8234749674089,6.99318542462533
1.53480731805509,2.90864824017342,6.48381841261565,9.36106174470311,0.338413169723652,4.03642969570439,7.83909740348289,4.42240166755187,8.78200468453139,-0.817478607537459,1.82514443701306,1.79666599341716,2.5540390393047,2.30611746473337,9.53449045527242,2.45202248016456,6.4207910356281,24.8423205009499,24.8423205009499,16.3106464883926
0.679925117653012,1.5662724929627,2.01499870717088,0.369311033815499,0.0953792511731235,1.39041058865763,7.35012167684196,0.770347076423584,7.78256873044381,0.23587019485433,0.159794319293548,0.0986558297913653,1.05730644138026,0.526380536787785,2.25840948057193,1.13724140464296,0.662037558644464,2.21242672845857,2.21242672845857,2.80783720246841
2.65536776189795,1.78014556073358,3.81392060453109,2.16385415221463,0.0845373962256904,2.61107657921119,-1.63369954505458,2.21232208071538,-0.134530887588421,0.244955187756124,0.362403046209754,0.663278264983395,1.13195711485734,1.43479941356416,5.24643845558414,4.41114017043785,1.36330620700009,7.61842689965065,7.61842689965065,7.23872171613282
1.75175213984028,1.65394231569196,3.101632345917,2.04170005207126,0.109536052527042,2.10965123121013,2.67388362907118,1.45602483537569,2.899668360415,0.147827634947179,0.082292350531492,0.167265189098995,1.75475515204337,1.21984446923088,4.81895272633116,1.79384072876873,0.217925625163101,5.72878007870187,5.72878007870187,6.85126065236556
2.84090886056792,1.74953408588995,3.54384113586869,2.68013569529229,0.077100381315969,2.40412671082737,4.47584225814922,1.89751683214294,5.21959891896125,-0.630008339492747,0.167535296304294,0.319298254686862,1.3828946819921,1.65110752702651,6.22374266238673,3.35969365265942,0.48453127156121,6.54954236774384,6.54954236774383,6.93334998530708
0.823425906536265,1.42590627251826,2.17097293322142,0.284070468603806,0.156225895941465,1.50729533577146,3.97263438532431,0.531503181432557,4.27867255073896,-0.195469795927649,0.0597047533787694,0.120203246969041,1.13450898493389,0.533337970191129,2.69832332684689,0.820357037907728,0.183564054711075,2.89219954738393,2.89219954738394,2.68936526594182
2.11192661520225,2.12184083835962,3.44663638352644,2.46513666228016,0.340262656436535,2.19454719693465,4.64963227097088,1.55008089277006,5.2044041267763,-0.525035346751568,0.327427741850107,0.22399657010919,0.80802950776517,1.56185795606989,7.27950351806172,2.06124081692624,1.35594366926797,7.48974499779417,7.48974499779417,7.26731707317073
0.206421854982418,0.210053127064009,0.439218677135391,0.0189805622664964,0.162847417983838,0.292648831390795,8.74741347846808,0.14103328419307,8.64503757494769,-0.4156765044587,0.104930083932413,0.164110902025534,0.167411856533769,0.138933100900396,0.572925165571975,0.202340581839553,0.343158662121558,0.110571797585992,0.110571797585992,0.588136937995886
1.2086627807532,1.95618109434971,3.60939799417448,1.30722453386112,0.283560119641901,2.41103680453492,7.71837756025125,1.16197968791494,7.98909862322298,0.128575068453045,0.0659112439440994,0.126463247287679,1.95966469794364,1.15009912960525,6.96212886951895,1.23024243314722,0.192381737840149,9.26002264079594,9.26002264079594,6.96734939759036
1.55511120423108,1.49408091799833,3.4307280679683,1.1092669782994,0.19614417755902,2.26744926242499,9.03435459951441,1.35863552740645,8.75690435075246,-0.485597273711316,0.146555333408709,0.295150563609047,2.74325333335886,1.0345404276391,3.72815492788642,1.53485527475757,0.398425273497805,6.62763097267849,6.62763097267849,4.87073758448428
